filename,01_left,02_right,03_outball,04_ball_in,05_timeout,07_penetration_under_the_net,08_catch,09_end_of_setmatch,10_substitusion,11_change_courts,12_four_hits,13_net_touch,14_serve,15_double_contact,16_inbound,17_ball_touch_2,Unlabeled
-2025-02-26-11-47-05_png.rf.94db9088139dd295d215371bac086787.jpg,0,0,0,0,0,0,0,0,0,0,0,0,0,0,0,0,1
IMG_7238_mov-0055_jpg.rf.bfad0b28b92ab223ab3aef3381891f6e.jpg,0,0,0,0,0,0,0,0,0,0,0,0,0,0,1,0,0
Volleyball-Signals-Training_mp4-0015_jpg.rf.098911b214112ab7c700aa8a8a253785.jpg,0,0,0,0,0,1,0,0,0,0,0,0,0,0,0,0,0
Volleyball-Signals-Training_mp4-0053_jpg.rf.fe832ded930134d16bfa1d80054e56b7.jpg,0,0,0,0,0,0,0,0,0,0,0,0,0,0,0,0,1
IMG_7219_mov-0390_jpg.rf.1d2774e39f7d0494e1335c972963e168.jpg,1,0,0,0,0,0,0,0,0,0,0,0,0,0,0,0,0
game3_2_mp4-0083_jpg.rf.c6c2fcd090aa370c3c28bc4968d6be82.jpg,0,0,0,0,0,0,0,0,0,0,0,0,0,0,0,0,1
Volleyball-Referees-Official-Hand-Signals-_-D2-team-to-serve-_-TPE_mp4-0004_jpg.rf.a4d07df02b3fb6ce25928f261a7820e8.jpg,0,0,0,0,0,0,0,0,0,0,0,0,0,0,0,0,1
2014-2015-NFHS-Volleyball-Signals-for-Referee-R1-produced-by-ZONI_mp4-0403_jpg.rf.122701d7293c330703b41d3415429a11.jpg,0,0,0,0,0,0,0,0,0,0,0,0,0,0,0,0,1
IMG_7238_mov-0193_jpg.rf.e885a56edbb093b91127aacc50b37a58.jpg,1,0,0,0,0,0,0,0,0,0,0,0,0,0,0,0,0
2014-2015-NFHS-Volleyball-Signals-for-Referee-R1-produced-by-ZONI_mp4-0060_jpg.rf.217ff6c683a410fec3ece122a7a0b639.jpg,0,0,0,0,0,0,0,0,0,0,0,0,0,0,0,0,1
Volleyball-Signals-Training_mp4-0034_jpg.rf.03b51b73660f1765f4fe3c3c425665c7.jpg,0,0,0,0,0,0,0,0,0,0,0,0,0,0,0,0,1
2014-2015-NFHS-Volleyball-Signals-for-Referee-R1-produced-by-ZONI_mp4-0171_jpg.rf.032a376398ba5a5959f3893c929ea979.jpg,0,0,0,0,0,0,0,0,0,0,0,0,0,0,0,0,1
IMG_7219_mov-0392_jpg.rf.f7cae0fd33de4965fbf1e51d0914289e.jpg,0,0,0,0,0,0,0,0,0,0,0,1,0,0,0,0,0
IMG_7243_mov-0166_jpg.rf.09f3d6b306f770862c088bd80a328632.jpg,0,0,0,0,0,0,0,0,0,0,0,0,0,0,0,0,1
IMG_8839_mov-0419_jpg.rf.a72a6fc470fb97872135d901b41abe5e.jpg,0,1,0,0,0,0,0,0,0,0,0,0,0,0,0,0,0
IMG_8839_mov-0381_jpg.rf.059952040706580d28c2c112f69f84b4.jpg,0,0,0,0,0,0,0,0,0,0,0,0,0,0,0,0,1
-2025-05-11-5-27-14_png.rf.cb6d490084853963071094b012587f73.jpg,0,0,0,0,0,0,0,0,0,0,0,0,0,0,0,1,0
-2025-02-23-5-54-12_png.rf.b10dcc3f9341aaab4cab1ef83a543713.jpg,0,0,0,0,0,0,0,0,0,0,0,1,0,0,0,0,0
2014-2015-NFHS-Volleyball-Signals-for-Referee-R1-produced-by-ZONI_mp4-0432_jpg.rf.5aca39b68459398fd672c4318146883f.jpg,0,0,0,0,0,0,0,0,0,0,0,0,0,0,0,0,1
IMG_7225_mov-0036_jpg.rf.7e93e4e081f9fde1fd6b07ceddefd737.jpg,0,0,0,0,0,0,0,0,0,0,0,0,1,0,0,0,0
2014-2015-NFHS-Volleyball-Signals-for-Referee-R1-produced-by-ZONI_mp4-0441_jpg.rf.249475bf85e3a33d043937184192fe5c.jpg,0,0,0,0,0,0,0,0,0,0,0,0,0,0,0,0,1
Volleyball-Signals-Training_mp4-0176_jpg.rf.a64312943a3dd6291df73a9019b568b4.jpg,0,0,0,0,1,0,0,0,0,0,0,0,0,0,0,0,0
2014-2015-NFHS-Volleyball-Signals-for-Referee-R1-produced-by-ZONI_mp4-0292_jpg.rf.1d0554b96f13d3ae3441f1ed52f80c4a.jpg,0,0,0,0,0,0,0,0,0,0,0,0,0,0,0,0,1
IMG_7888_MOV-0027_jpg.rf.e00d420992a145bb44b651e400bcd053.jpg,0,0,0,0,1,0,0,0,0,0,0,0,0,0,0,0,0
-2025-03-13-10-15-46_png.rf.5102e0a7729821611b238cf71105b34f.jpg,0,0,0,0,0,0,0,0,1,0,0,0,0,0,0,0,0
game3_2_mp4-0007_jpg.rf.b11d15f4679d6090cab264b97debc7e8.jpg,0,0,0,0,0,0,0,0,0,0,0,0,0,0,0,0,1
2014-2015-NFHS-Volleyball-Signals-for-Referee-R1-produced-by-ZONI_mp4-0042_jpg.rf.f0d2c01a887beedea5f960dca46b32ae.jpg,0,0,0,0,0,0,0,0,0,0,0,0,0,0,0,0,1
game3_2_mp4-0407_jpg.rf.34ca41e74413466e033c37c5b8f3c558.jpg,0,0,0,0,0,0,0,0,0,0,0,0,0,0,0,0,1
IMG_7219_mov-0416_jpg.rf.c73de863b9fa8e9aab937fc149f26460.jpg,0,1,0,0,0,0,0,0,0,0,0,0,0,0,0,0,0
-2025-02-23-5-45-26_png.rf.f9408d778e5382d3e03defadfd7c6b31.jpg,0,0,0,0,0,0,0,0,0,0,0,0,0,0,0,0,1
-2025-03-13-11-22-30_png.rf.ad4e96c512a55f66934fb6797b4fbaff.jpg,0,0,0,0,0,0,0,0,1,0,0,0,0,0,0,0,0
-2025-03-13-10-30-14_png.rf.34277ad4369ca65967e6775f0d365bfa.jpg,0,0,0,0,0,0,0,0,0,0,0,0,0,1,0,0,0
IMG_7243_mov-0030_jpg.rf.633d9ff7202b947e97203e042b0c5092.jpg,0,0,0,0,0,0,0,0,0,0,0,0,1,0,0,0,0
videoplayback_mp4-0211_jpg.rf.fb1ac52425c8676794d3f8ffbaaa6e46.jpg,0,0,0,1,0,0,0,0,0,0,0,0,0,0,0,0,0
IMG_7243_mov-0071_jpg.rf.573ed3b30bb7997d7cfbdaa91eda4233.jpg,0,0,0,0,0,0,0,0,0,0,0,0,0,0,1,0,0
Volleyball-Signals-Training_mp4-0128_jpg.rf.532e652f519dd3cf793304567218370a.jpg,0,0,1,0,0,0,0,0,0,0,0,0,0,0,0,0,0
IMG_7219_mov-0232_jpg.rf.a3747dca7eef12e85d4e1773357cf09f.jpg,0,0,0,0,0,0,0,0,0,0,0,1,0,0,0,0,0
2_mp4-0160_jpg.rf.bdaee35bdfdeb20f71fa110379e72c2a.jpg,1,0,0,0,0,0,0,0,0,0,0,0,0,0,0,0,0
-2025-03-13-10-38-37_png.rf.feee9b2a3fbd5aa25c8e3d1aecefb796.jpg,0,0,0,0,0,0,0,1,0,0,0,0,0,0,0,0,0
-2025-02-26-11-50-10_png.rf.69701a3eda4716e57c7f2c4228804bb3.jpg,0,0,0,1,0,0,0,0,0,0,0,0,0,0,0,0,0
IMG_7242_mov-0127_jpg.rf.4cf4980b399b70cb6f77d671ed14767c.jpg,0,0,0,0,0,0,0,0,0,0,0,0,0,0,1,0,0
game3_2_mp4-0679_jpg.rf.265fb0b0678c08a8aaff9674911f6ce3.jpg,0,0,0,0,0,0,0,0,0,0,0,0,0,0,0,0,1
-2025-02-20-2_31_59_mov-0037_jpg.rf.dc513d881c92a92e44b4216ff715fa3c.jpg,0,0,0,0,0,0,0,0,0,0,0,0,0,1,0,0,0
Volleyball-Signals-Training_mp4-0030_jpg.rf.219db25ac98afd4ecd92196d1be23fb9.jpg,0,0,0,0,0,0,0,0,0,0,0,0,0,0,0,0,1
IMG_7238_mov-0073_jpg.rf.fd8c30945d265a286cf706dcd10dcf6f.jpg,0,0,0,0,0,0,0,0,0,0,0,0,1,0,0,0,0
Volleyball-Signals-Training_mp4-0171_jpg.rf.3eeb4dbbe489be467dabb8c03706ad3e.jpg,0,0,0,0,1,0,0,0,0,0,0,0,0,0,0,0,0
videoplayback_mp4-0178_jpg.rf.80eaae2dbefc439eb36daa9390f51f4e.jpg,0,0,0,0,0,0,0,0,0,0,0,1,0,0,0,0,0
game3_2_mp4-0635_jpg.rf.c92cb01ee4ae9e8a93d2c140bc485824.jpg,0,0,0,0,0,0,0,0,0,0,0,0,0,0,0,0,1
-2025-02-26-11-47-43_png.rf.9b3dd774104b479ae7f3951c622c011c.jpg,0,0,0,0,0,0,0,0,0,0,0,0,0,1,0,0,0
videoplayback_mp4-0118_jpg.rf.92a1c3a345cd509d48da4927fbdffa8a.jpg,0,0,0,0,0,0,0,0,0,0,0,0,0,0,1,0,0
game3_2_mp4-0169_jpg.rf.5ef10c57d572254a227b94aa438ef11c.jpg,0,0,0,0,0,0,0,0,0,0,0,0,0,0,0,0,1
IMG_8839_mov-0338_jpg.rf.60631fc8bfd33bc548ca311b7a525c4a.jpg,0,0,0,0,0,0,0,0,0,0,0,0,1,0,0,0,0
IMG_7238_mov-0276_jpg.rf.d83afe46a92d44f2698a37f92cfe753f.jpg,0,0,0,0,0,0,0,0,0,0,0,0,0,0,1,0,0
-2025-03-13-10-22-56_png.rf.4ea8ff769c79563a728dd0be5f01d336.jpg,0,0,0,0,0,0,0,1,0,0,0,0,0,0,0,0,0
IMG_8839_mov-0152_jpg.rf.b002e08829a107fe5eb03d639fef79fe.jpg,1,0,0,0,0,0,0,0,0,0,0,0,0,0,0,0,0
-2025-03-13-11-02-12_png.rf.3bc99a21458c62dc088e6bf5df7b68fe.jpg,0,0,0,0,0,0,0,0,0,0,0,1,0,0,0,0,0
2014-2015-NFHS-Volleyball-Signals-for-Referee-R1-produced-by-ZONI_mp4-0808_jpg.rf.135da04377b717e93143eb6a7de683b8.jpg,0,0,0,0,1,0,0,0,0,0,0,0,0,0,0,0,0
-2025-03-13-10-30-33_png.rf.ede2b29c5de8b2cb21b4d01d280adac9.jpg,0,0,0,0,0,0,0,0,0,0,0,1,0,0,0,0,0
2014-2015-NFHS-Volleyball-Signals-for-Referee-R1-produced-by-ZONI_mp4-0936_jpg.rf.667bccbbef9eb4d8bd3576d41b2a4714.jpg,1,0,0,0,0,0,0,0,0,0,0,0,0,0,0,0,0
2014-2015-NFHS-Volleyball-Signals-for-Referee-R1-produced-by-ZONI_mp4-0942_jpg.rf.5a95561ac11cb31bd123c4fa1e25422e.jpg,0,0,0,0,0,0,0,1,0,0,0,0,0,0,0,0,0
game3_2_mp4-0190_jpg.rf.e4b2fc361a9aacc3e4d65f245fc072fc.jpg,0,0,1,0,0,0,0,0,0,0,0,0,0,0,0,0,0
IMG_7242_mov-0094_jpg.rf.c42f2d72c7b57fc55dcad581290839c3.jpg,0,0,0,0,0,0,0,0,0,0,0,0,0,0,1,0,0
2_mp4-0164_jpg.rf.234d24135ac58eee5d702d002193dfdd.jpg,0,1,0,0,0,0,0,0,0,0,0,0,0,0,0,0,0
2014-2015-NFHS-Volleyball-Signals-for-Referee-R1-produced-by-ZONI_mp4-0076_jpg.rf.8ceaf4ff3396b22cb8703c4b348647db.jpg,0,0,0,0,0,0,0,0,0,0,0,0,0,0,0,0,1
2014-2015-NFHS-Volleyball-Signals-for-Referee-R1-produced-by-ZONI_mp4-0081_jpg.rf.061f881e5c4e043f2b2ad808e9c002a9.jpg,0,0,0,0,0,0,0,0,0,0,0,0,0,0,0,0,1
2014-2015-NFHS-Volleyball-Signals-for-Referee-R1-produced-by-ZONI_mp4-0517_jpg.rf.6034f1ce01bd09d9ebc6e2bbcd8732bc.jpg,0,0,1,0,0,0,0,0,0,0,0,0,0,0,0,0,0
-2025-03-13-9-52-29_png.rf.2ef08efbc09bd6294f1150d6ee9e7ade.jpg,0,0,0,0,1,0,0,0,0,0,0,0,0,0,0,0,0
IMG_8795_mov-0160_jpg.rf.678220e5c32e5981de9e192e7e654b2d.jpg,1,0,0,0,0,0,0,0,0,0,0,0,0,0,0,0,0
IMG_7888_MOV-0001_jpg.rf.b1b1d8bcf290203ebea9ff457319a3d9.jpg,0,0,0,0,0,0,0,0,0,0,0,0,0,1,0,0,0
-2025-02-26-11-42-04_png.rf.773ddcc0278f7711d5866f753e9de167.jpg,0,0,0,0,0,0,0,1,0,0,0,0,0,0,0,0,0
2014-2015-NFHS-Volleyball-Signals-for-Referee-R1-produced-by-ZONI_mp4-0295_jpg.rf.811af982fdfd5190a0ba64f63b2a23cb.jpg,0,0,0,0,0,0,0,0,0,0,0,0,0,0,0,0,1
2014-2015-NFHS-Volleyball-Signals-for-Referee-R1-produced-by-ZONI_mp4-0364_jpg.rf.baeceaffb77ca807234b8fa7bc79c348.jpg,0,0,0,0,0,0,0,0,0,0,0,0,0,0,0,0,1
-2025-05-10-11-26-43_png.rf.f541d80baae0710d94c77fa447cfa5b4.jpg,0,0,0,0,0,0,0,0,0,0,0,0,0,0,0,1,0
-2025-02-23-6-02-12_png.rf.21045246f47daa169683373878c16aa1.jpg,0,0,0,0,0,0,0,0,0,0,0,0,0,0,0,0,1
IMG_8839_mov-0203_jpg.rf.2df0bf8612b976ec17ec12a7db17f0ad.jpg,0,1,0,0,0,0,0,0,0,0,0,0,0,0,0,0,0
IMG_8795_mov-0085_jpg.rf.6e028cdd3467753614024ae0a0cdb93e.jpg,0,0,1,0,0,0,0,0,0,0,0,0,0,0,0,0,0
-2025-03-13-11-19-52_png.rf.15edac34cfe5a128c0b4218e79130c24.jpg,0,0,0,0,0,0,0,0,1,0,0,0,0,0,0,0,0
2014-2015-NFHS-Volleyball-Signals-for-Referee-R1-produced-by-ZONI_mp4-0478_jpg.rf.076cf6d113d6378e1d67e3c93014462b.jpg,0,0,0,0,0,0,0,0,0,0,0,0,0,0,0,0,1
-2025-03-13-10-25-53_png.rf.19e42475e5b2ec35b26d6bb91422fd87.jpg,0,0,0,0,0,1,0,0,0,0,0,0,0,0,0,0,0
2014-2015-NFHS-Volleyball-Signals-for-Referee-R1-produced-by-ZONI_mp4-0480_jpg.rf.b22915e48509ba999357e0598e2b8726.jpg,1,0,0,0,0,0,0,0,0,0,0,0,0,0,0,0,0
2014-2015-NFHS-Volleyball-Signals-for-Referee-R1-produced-by-ZONI_mp4-0437_jpg.rf.a42fb07b34cf58628d421d7ef9786eb1.jpg,0,0,0,0,0,0,0,0,0,0,0,0,0,0,0,0,1
videoplayback_mp4-0191_jpg.rf.35be8688a9a28a55ccb0b9c44481d674.jpg,0,0,0,0,0,1,0,0,0,0,0,0,0,0,0,0,0
2_mp4-0026_jpg.rf.743a9d644d4114af7ccbe94d59a71985.jpg,0,0,0,1,0,0,0,0,0,0,0,0,0,0,0,0,0
IMG_7242_mov-0274_jpg.rf.354f455a65a2c1c9bd4f5de65c23e6e0.jpg,0,0,0,0,0,0,0,0,0,0,0,0,1,0,0,0,0
IMG_8795_mov-0219_jpg.rf.112dd20d87c92dcc62b5d8a5bf3bad1a.jpg,0,0,0,0,0,1,0,0,0,0,0,0,0,0,0,0,0
IMG_8839_mov-0520_jpg.rf.6ec3d738a01d1a8ddea191d2f934ed18.jpg,0,0,0,0,0,0,0,1,0,0,0,0,0,0,0,0,0
Volleyball-Signals-Training_mp4-0208_jpg.rf.0936c34678e5ab40dfb305a9b0400e91.jpg,0,0,0,0,0,0,0,1,0,0,0,0,0,0,0,0,0
-2025-02-26-11-45-53_png.rf.44bcdd0d40562b662a6f7979892cf559.jpg,0,0,0,0,0,0,1,0,0,0,0,0,0,0,0,0,0
2014-2015-NFHS-Volleyball-Signals-for-Referee-R1-produced-by-ZONI_mp4-0206_jpg.rf.ebe909551ba96f80c6e0bf696f244fa2.jpg,0,0,0,0,0,0,0,0,0,0,0,0,0,0,0,0,1
-2025-03-13-10-23-52_png.rf.a43eae5a771f1e725f48ef43b289cd33.jpg,0,0,0,0,0,0,1,0,0,0,0,0,0,0,0,0,0
-2025-05-10-11-23-41_png.rf.c4ea5507061e56c1c6d1ef6901868928.jpg,0,0,0,0,0,0,0,0,0,0,0,0,0,0,0,1,0
IMG_7243_mov-0225_jpg.rf.17330ef93bb28303571677f69fc02009.jpg,0,0,0,0,0,0,0,0,0,0,0,0,0,0,1,0,0
2014-2015-NFHS-Volleyball-Signals-for-Referee-R1-produced-by-ZONI_mp4-0524_jpg.rf.65d8c8dccb34b7d0bf3c2e64fd2341b0.jpg,0,0,0,0,0,0,0,0,0,0,0,0,0,0,0,0,1
IMG_7238_mov-0283_jpg.rf.dd90069fe9d1cc390504bf38d1d6d35d.jpg,0,0,0,0,0,0,0,0,0,1,0,0,0,0,0,0,0
-2025-03-13-10-35-23_png.rf.60c0ff28583c117456c5ebd596096f8d.jpg,0,0,0,0,0,0,0,0,0,0,0,0,0,1,0,0,0
-2025-03-13-10-56-14_png.rf.8fda7daf7ca107ec2a75ebf0edef9e64.jpg,0,0,0,0,1,0,0,0,0,0,0,0,0,0,0,0,0
IMG_7225_mov-0094_jpg.rf.c077fd0ab5249f230a87c797090c6dba.jpg,0,0,1,0,0,0,0,0,0,0,0,0,0,0,0,0,0
-2025-03-13-11-38-22_png.rf.fc2cf4c92e60e9894b77313cdd5a4297.jpg,0,0,0,0,0,0,0,0,0,0,0,1,0,0,0,0,0
-2025-02-23-5-59-45_png.rf.97a694c624a4eea1b340dd82259d3325.jpg,0,0,0,0,0,0,0,0,0,0,0,0,0,1,0,0,0
-2025-03-13-10-54-44_png.rf.cf52b0598bd1c43f7fb2a64c261fc1e8.jpg,0,0,0,0,0,0,0,0,0,1,0,0,0,0,0,0,0
-2025-03-13-10-21-51_png.rf.b8cb18f7e7092d89de86605e70aecf05.jpg,0,0,0,0,0,0,0,0,0,1,0,0,0,0,0,0,0
2014-2015-NFHS-Volleyball-Signals-for-Referee-R1-produced-by-ZONI_mp4-0462_jpg.rf.1fcb1d85be8ee512751fc2fba35708f6.jpg,1,0,0,0,0,0,0,0,0,0,0,0,0,0,0,0,0
IMG_7219_mov-0372_jpg.rf.f3695f4019955b5a4945cdadb6ee238c.jpg,0,0,0,0,0,0,0,0,0,0,0,0,0,0,1,0,0
2014-2015-NFHS-Volleyball-Signals-for-Referee-R1-produced-by-ZONI_mp4-0390_jpg.rf.643b7cbee935a375e7e3044d295c38a5.jpg,0,0,0,0,0,0,0,0,0,0,0,0,0,0,0,0,1
IMG_7887_MOV-0008_jpg.rf.a725c16e60b8c4d73a4f6074bae745f6.jpg,0,0,0,0,0,1,0,0,0,0,0,0,0,0,0,0,0
-2025-02-23-5-46-41_png.rf.00a9cdbf37a79d37ce02f70054db93a3.jpg,0,0,0,0,0,0,0,0,0,1,0,0,0,0,0,0,0
-2025-03-13-11-00-56_png.rf.25a2ec887bac35e8eef8a48771c09a77.jpg,0,0,0,0,0,0,1,0,0,0,0,0,0,0,0,0,0
-2025-03-13-10-38-00_png.rf.6be535b12bd6b8174be9170f15ca789e.jpg,0,0,0,0,0,0,0,0,0,1,0,0,0,0,0,0,0
-2025-03-13-9-51-54_png.rf.f391704b47517d210da9058204f8a75f.jpg,0,0,0,0,0,0,0,0,0,1,0,0,0,0,0,0,0
2014-2015-NFHS-Volleyball-Signals-for-Referee-R1-produced-by-ZONI_mp4-0043_jpg.rf.945cd07800ca6cb8d5530af5014bd52c.jpg,0,0,0,0,0,0,0,0,0,0,0,0,0,0,0,0,1
IMG_8795_mov-0586_jpg.rf.3ae10e47c430a7e9047415ed46d2d639.jpg,0,0,0,0,0,1,0,0,0,0,0,0,0,0,0,0,0
game3_2_mp4-0331_jpg.rf.837285eb85dfe3a4b976ec8749b79af9.jpg,0,0,0,0,0,0,0,0,0,0,0,0,0,0,0,0,1
-2025-05-11-6-08-22_png.rf.e9f568ef1199695e305102662a502ac1.jpg,0,0,0,0,0,0,0,0,0,0,0,0,0,0,0,1,0
2014-2015-NFHS-Volleyball-Signals-for-Referee-R1-produced-by-ZONI_mp4-0224_jpg.rf.019d1e4970e81685cfdc8acce2fcc87f.jpg,1,0,0,0,0,0,0,0,0,0,0,0,0,0,0,0,0
2014-2015-NFHS-Volleyball-Signals-for-Referee-R1-produced-by-ZONI_mp4-0891_jpg.rf.6d096055700041b81e29fa85c5836b63.jpg,0,0,0,0,0,0,0,1,0,0,0,0,0,0,0,0,0
Volleyball-Signals-Training_mp4-0033_jpg.rf.7ea5c5660d5554a1dfa8f51d32743406.jpg,0,0,0,0,0,0,1,0,0,0,0,0,0,0,0,0,0
-2025-02-23-5-51-37_png.rf.2445cbedcb6e694f9463e8d028554c16.jpg,0,0,0,0,0,0,0,0,1,0,0,0,0,0,0,0,0
Volleyball-Signals-Training_mp4-0039_jpg.rf.f1aa0d3cd13b1e17e62c2ea832af8360.jpg,0,0,0,0,0,0,0,0,0,0,0,0,0,0,0,0,1
-2025-03-13-9-50-23_png.rf.9f175957f924389ba54e463c8bf3898a.jpg,0,0,0,1,0,0,0,0,0,0,0,0,0,0,0,0,0
IMG_7238_mov-0134_jpg.rf.3af8cbd261e6ff8e81b21f16d8f5dd93.jpg,0,0,0,0,0,0,0,0,0,0,0,0,1,0,0,0,0
-2025-02-26-11-43-52_png.rf.a5cc092257e6c29c0fd2b60e044fd06f.jpg,0,0,0,0,0,1,0,0,0,0,0,0,0,0,0,0,0
-2025-03-13-11-19-56_png.rf.62b90244a85e0cd20bf43f83747ee4a1.jpg,0,0,0,0,0,0,0,0,1,0,0,0,0,0,0,0,0
2014-2015-NFHS-Volleyball-Signals-for-Referee-R1-produced-by-ZONI_mp4-0515_jpg.rf.5e8c88450660b3ffe21471a52e8ca6d7.jpg,0,1,0,0,0,0,0,0,0,0,0,0,0,0,0,0,0
2014-2015-NFHS-Volleyball-Signals-for-Referee-R1-produced-by-ZONI_mp4-0375_jpg.rf.81de59e58635f69fc99a87c1d37a6d1d.jpg,0,0,0,0,0,0,0,0,0,0,0,0,0,0,0,0,1
Volleyball-Signals-Training_mp4-0132_jpg.rf.ee4d25ca37f321fa5350095909ffcc51.jpg,0,1,0,0,0,0,0,0,0,0,0,0,0,0,0,0,0
-2025-02-23-6-01-49_png.rf.a83233e5edb91c0a7186f358e5419bbe.jpg,0,0,0,1,0,0,0,0,0,0,0,0,0,0,0,0,0
IMG_7242_mov-0079_jpg.rf.64bfcda217405ad6055a87047a7fc51c.jpg,0,0,0,0,0,0,0,0,0,0,0,0,1,0,0,0,0
-2025-02-23-5-57-10_png.rf.4516c5a072efd7826709814bdddba8b5.jpg,0,0,0,0,1,0,0,0,0,0,0,0,0,0,0,0,0
IMG_7219_mov-0190_jpg.rf.0714765fa47ce96001299ca3cd03cef2.jpg,0,1,0,0,0,0,0,0,0,0,0,0,0,0,0,0,0
game3_2_mp4-0396_jpg.rf.a3e8d33beef3794df9f7432670c863f5.jpg,0,0,0,0,0,0,0,0,0,0,0,0,0,0,0,0,1
Volleyball-Signals-Training_mp4-0152_jpg.rf.d6f0c49826a718eefaa11d453c2d7e77.jpg,0,0,0,1,0,0,0,0,0,0,0,0,0,0,0,0,0
-2025-05-11-5-18-16_png.rf.d6326597c7883aad3bc289144b39f834.jpg,0,0,0,0,0,0,0,0,0,0,0,0,0,0,0,1,0
IMG_7219_mov-0010_jpg.rf.9521d77aa4d8d2d876a88253fb298a69.jpg,0,0,0,0,0,0,0,0,0,0,0,0,0,0,0,0,1
2014-2015-NFHS-Volleyball-Signals-for-Referee-R1-produced-by-ZONI_mp4-0227_jpg.rf.65633b7d04ad0e61d1c5f407264e776e.jpg,0,0,0,0,0,0,0,0,0,0,0,1,0,0,0,0,0
-2025-03-13-10-31-41_png.rf.c2a65140b31ca98b808f71e69a53238b.jpg,0,0,0,0,0,0,0,0,0,0,0,0,0,1,0,0,0
-2025-02-23-5-53-41_png.rf.cd25bd0cca414b0db5e064b3dc736356.jpg,0,0,0,0,0,0,1,0,0,0,0,0,0,0,0,0,0
-2025-03-13-10-22-22_png.rf.f3ade3ec60854dc92dac92f482745fa9.jpg,0,0,0,0,0,0,0,0,1,0,0,0,0,0,0,0,0
-2025-03-13-11-09-38_png.rf.a9d74d18c91ee16123da97f6a0b708ef.jpg,0,0,0,0,0,0,0,0,0,0,0,1,0,0,0,0,0
IMG_7238_mov-0278_jpg.rf.fe5595b88946852bb3c3b41bab49395a.jpg,0,0,0,0,0,0,0,1,0,0,0,0,0,0,0,0,0
2014-2015-NFHS-Volleyball-Signals-for-Referee-R1-produced-by-ZONI_mp4-0761_jpg.rf.e64f18411405e83f965341d395226fc9.jpg,0,0,0,0,1,0,0,0,0,0,0,0,0,0,0,0,0
IMG_8838_mov-0075_jpg.rf.ccb73c0e9fd97f301cb1f33a882a5158.jpg,0,0,0,0,0,0,0,0,0,0,0,0,0,0,0,0,1
-2025-03-13-10-34-03_png.rf.e0d32f4d6a6381f50cb73824399c17b4.jpg,0,0,0,0,0,1,0,0,0,0,0,0,0,0,0,0,0
-2025-03-13-10-24-15_png.rf.bffd930d03837981e676a84c0956f7d7.jpg,0,0,0,0,0,0,0,0,0,0,0,0,0,1,0,0,0
2014-2015-NFHS-Volleyball-Signals-for-Referee-R1-produced-by-ZONI_mp4-0397_jpg.rf.9a602224998df2219ce98810fe6cc688.jpg,0,0,0,0,0,0,0,0,0,0,0,0,0,0,0,0,1
-2025-02-26-11-45-18_png.rf.f6f9b5c6cc08c0f2c5c5780e5cfcb163.jpg,0,0,0,0,0,1,0,0,0,0,0,0,0,0,0,0,0
-2025-03-13-10-22-35_png.rf.58c9ad97df26929cdae01be55598af9e.jpg,0,0,0,0,0,0,0,0,1,0,0,0,0,0,0,0,0
IMG_7225_mov-0252_jpg.rf.f5136f0aeb35b0652308f64d13f72fbf.jpg,0,0,0,0,0,0,0,0,0,0,0,0,0,0,0,0,1
2014-2015-NFHS-Volleyball-Signals-for-Referee-R1-produced-by-ZONI_mp4-0033_jpg.rf.60cebb85af56cace87acc5d5bffca205.jpg,0,0,0,0,0,0,0,0,0,0,0,0,0,0,1,0,0
-2025-03-13-11-09-08_png.rf.4e9a1a795b35086a7498bcb2d87f83bd.jpg,0,0,0,0,0,0,0,0,0,0,1,0,0,0,0,0,0
Volleyball-Signals-Training_mp4-0193_jpg.rf.0c4ef2b8af6317015fe19bbf0b653d89.jpg,0,0,0,0,0,0,0,0,0,1,0,0,0,0,0,0,0
-2025-03-13-11-09-15_png.rf.3402c645c4958c503b4d15156197f984.jpg,0,0,0,0,0,0,0,0,0,0,1,0,0,0,0,0,0
-2025-03-13-10-54-39_png.rf.b5ea62e12d9a63e62d4fb6fc5fde980b.jpg,0,0,0,0,0,0,0,0,0,1,0,0,0,0,0,0,0
-2025-03-13-10-38-12_png.rf.a3bb1db7d769c24fa4c6c8635bdc0df6.jpg,0,0,0,0,1,0,0,0,0,0,0,0,0,0,0,0,0
-2025-03-13-11-31-26_png.rf.74b7f3b3b2c582f0d7bce46095c2f4ad.jpg,0,0,0,0,0,0,0,0,0,1,0,0,0,0,0,0,0
videoplayback_mp4-0215_jpg.rf.9ff271838f4e98e882a6fe6ce0728148.jpg,0,0,0,1,0,0,0,0,0,0,0,0,0,0,0,0,0
IMG_7243_mov-0139_jpg.rf.09ae7c1b0993811ea8167e8e074fd91e.jpg,1,0,0,0,0,0,0,0,0,0,0,0,0,0,0,0,0
IMG_7888_MOV-0030_jpg.rf.fe13b24463006bc8d857a383e91807b2.jpg,0,0,0,0,0,0,0,0,0,0,0,0,0,0,0,0,1
Volleyball-Signals-Training_mp4-0009_jpg.rf.cf4cc5c5f826b68df5925479b9c66121.jpg,0,0,0,0,0,1,0,0,0,0,0,0,0,0,0,0,0
IMG_7219_mov-0144_jpg.rf.9727f20e6f09308681bff4d69b7af585.jpg,0,0,0,0,0,0,0,0,0,0,0,0,0,0,1,0,0
game3_2_mp4-0240_jpg.rf.0c33e8810bd18170b9bcc98ea7d958b1.jpg,0,0,0,0,0,0,0,0,0,0,0,0,1,0,0,0,0
Volleyball-Signals-Training_mp4-0017_jpg.rf.90b7342bf34776b750813f039040de75.jpg,0,0,0,0,0,0,0,0,0,0,0,0,0,0,0,0,1
IMG_8839_mov-0498_jpg.rf.94c342c637443915b88b758566c2536d.jpg,0,0,1,0,0,0,0,0,0,0,0,0,0,0,0,0,0
game3_2_mp4-0137_jpg.rf.4714f56a5426bd5ed0440fd8e75ee989.jpg,0,0,1,0,0,0,0,0,0,0,0,0,0,0,0,0,0
-2025-02-23-6-00-24_png.rf.b4062ed6deadbb5884ab474db7e6a64b.jpg,0,0,0,0,0,0,0,0,0,0,0,1,0,0,0,0,0
IMG_7884_MOV-0009_jpg.rf.de4e02d3397922b0be9bfb15dbbb219b.jpg,0,0,0,0,0,0,0,0,0,0,1,0,0,0,0,0,0
IMG_8838_mov-0085_jpg.rf.76937c29ede1f82c9f4317ab8c25c0ed.jpg,1,0,0,0,0,0,0,0,0,0,0,0,0,0,0,0,0
2014-2015-NFHS-Volleyball-Signals-for-Referee-R1-produced-by-ZONI_mp4-0608_jpg.rf.7766fd66196d838a2765b60980affc75.jpg,0,0,0,0,0,0,0,0,1,0,0,0,0,0,0,0,0
2014-2015-NFHS-Volleyball-Signals-for-Referee-R1-produced-by-ZONI_mp4-0998_jpg.rf.dabf2c4fd006f535832ecc878b4cb122.jpg,0,0,0,0,0,0,0,1,0,0,0,0,0,0,0,0,0
2014-2015-NFHS-Volleyball-Signals-for-Referee-R1-produced-by-ZONI_mp4-0429_jpg.rf.a7583afc01d771a3994f906bf6285602.jpg,1,0,0,0,0,0,0,0,0,0,0,0,0,0,0,0,0
IMG_8795_mov-0386_jpg.rf.29f743adac005dc69273a83c08d30c52.jpg,1,0,0,0,0,0,0,0,0,0,0,0,0,0,0,0,0
game3_2_mp4-0003_jpg.rf.bbd1baa1134733bd9cb0055b187ed1ef.jpg,0,0,0,0,0,0,0,0,0,0,0,0,0,0,0,0,1
2014-2015-NFHS-Volleyball-Signals-for-Referee-R1-produced-by-ZONI_mp4-0376_jpg.rf.f950a1dfa1469f83756525bb0e8fb246.jpg,0,0,0,0,0,0,0,0,0,0,0,0,0,0,0,0,1
videoplayback_mp4-0205_jpg.rf.8f5bce69972397d7b7dd20f03579a6d1.jpg,0,0,0,1,0,0,0,0,0,0,0,0,0,0,0,0,0
-2025-02-23-5-51-11_png.rf.4fdff3844967e05b69ab9886cdd75a36.jpg,0,0,0,0,1,0,0,0,0,0,0,0,0,0,0,0,0
-2025-03-13-10-58-19_png.rf.35ba1631128c19b9ae6721abf4685439.jpg,0,0,0,0,1,0,0,0,0,0,0,0,0,0,0,0,0
Volleyball-Signals-Training_mp4-0052_jpg.rf.8f1686d8e678dd569791546a36c9b699.jpg,0,0,0,0,0,0,0,0,0,0,0,0,0,0,0,0,1
2014-2015-NFHS-Volleyball-Signals-for-Referee-R1-produced-by-ZONI_mp4-0415_jpg.rf.031749f874663383d02fa1db318c8bb8.jpg,0,0,0,0,0,0,0,0,0,0,0,0,0,0,0,0,1
IMG_7882_MOV-0010_jpg.rf.36105f368a66e7cbe49734010493fff3.jpg,0,0,0,0,0,0,0,0,0,0,0,0,0,0,1,0,0
2014-2015-NFHS-Volleyball-Signals-for-Referee-R1-produced-by-ZONI_mp4-0059_jpg.rf.f4703f07e6f9b11c9e3ce15b7a101b98.jpg,0,0,0,0,0,0,0,0,0,0,0,0,0,0,0,0,1
-2025-02-26-11-44-14_png.rf.32198fe19a4e7cc5a5bb457f07c992ed.jpg,0,0,0,0,0,0,0,0,0,0,0,0,0,0,0,0,1
2014-2015-NFHS-Volleyball-Signals-for-Referee-R1-produced-by-ZONI_mp4-0681_jpg.rf.e2e03c251cd17643aa074e7ada1f7141.jpg,0,0,0,1,0,0,0,0,0,0,0,0,0,0,0,0,0
IMG_8839_mov-0349_jpg.rf.3be0b33454ca9361afbb67d1f1ae8281.jpg,0,1,0,0,0,0,0,0,0,0,0,0,0,0,0,0,0
game3_2_mp4-0005_jpg.rf.a95b259a784c672ed934b35fedf799a6.jpg,0,0,0,0,0,0,0,0,0,0,0,0,1,0,0,0,0
-2025-03-13-10-51-40_png.rf.d33c6ec1cb77a22080acb23572dcbe2d.jpg,0,0,0,0,0,0,0,0,1,0,0,0,0,0,0,0,0
IMG_8795_mov-0218_jpg.rf.8b275149022a79c689d1aff540483174.jpg,0,0,0,0,0,1,0,0,0,0,0,0,0,0,0,0,0
2014-2015-NFHS-Volleyball-Signals-for-Referee-R1-produced-by-ZONI_mp4-0192_jpg.rf.87e7b3888cdae7e682e201d2d59a25eb.jpg,0,0,0,0,0,0,0,0,0,0,0,0,0,0,0,0,1
2014-2015-NFHS-Volleyball-Signals-for-Referee-R1-produced-by-ZONI_mp4-0813_jpg.rf.dbf0f86dd500a7e613025b235497f6c6.jpg,0,0,0,0,1,0,0,0,0,0,0,0,0,0,0,0,0
-2025-03-13-11-20-14_png.rf.950a0aa31b9f51b947e610aa997379c0.jpg,0,0,0,0,0,0,0,1,0,0,0,0,0,0,0,0,0
2014-2015-NFHS-Volleyball-Signals-for-Referee-R1-produced-by-ZONI_mp4-0486_jpg.rf.c48a0dec59d0d0dc1d51dde49109e86e.jpg,0,1,0,0,0,0,0,0,0,0,0,0,0,0,0,0,0
IMG_7243_mov-0095_jpg.rf.f06010d8c77969b71738315e636df459.jpg,0,0,0,0,0,0,0,0,0,0,0,0,0,0,1,0,0
game3_2_mp4-0424_jpg.rf.9fcc7e590b31662b550096b3d238b3a1.jpg,0,0,0,0,0,0,0,0,0,0,0,0,1,0,0,0,0
game3_2_mp4-0519_jpg.rf.4298cc5499a76d8c3c165a786e65752d.jpg,0,1,0,0,0,0,0,0,0,0,0,0,0,0,0,0,0
IMG_7243_mov-0008_jpg.rf.cc4b7eb010e0f7f9faa2f276b34a050a.jpg,0,0,0,0,0,0,0,0,0,0,0,0,1,0,0,0,0
IMG_8839_mov-0350_jpg.rf.8d43601cc4cc0f6550709d6560fd138d.jpg,0,0,0,0,0,0,0,0,0,0,0,0,0,0,1,0,0
IMG_7888_MOV-0002_jpg.rf.b26dfa4ed4313408f6e62d9c9726fed7.jpg,0,0,0,0,0,0,0,0,0,0,0,0,0,1,0,0,0
1280px-Official_volleyball_signals_-_double_hit_jpg.rf.1dddb4a1c82f0a4fe4272e18832c375b.jpg,0,0,0,0,0,0,0,0,0,0,0,0,0,1,0,0,0
2_mp4-0175_jpg.rf.3467330b9a4313c2f6579513aac68c50.jpg,0,0,0,0,0,0,0,0,0,0,0,0,0,0,1,0,0
2014-2015-NFHS-Volleyball-Signals-for-Referee-R1-produced-by-ZONI_mp4-0522_jpg.rf.43990afeaca9063f710e734ddb48b8d3.jpg,0,0,1,0,0,0,0,0,0,0,0,0,0,0,0,0,0
2014-2015-NFHS-Volleyball-Signals-for-Referee-R1-produced-by-ZONI_mp4-0402_jpg.rf.03533f5d2957a281ffba57a7266a0549.jpg,0,0,0,0,0,0,0,0,0,0,0,0,0,0,0,0,1
2014-2015-NFHS-Volleyball-Signals-for-Referee-R1-produced-by-ZONI_mp4-0530_jpg.rf.06b8bb376809e0f1d0ce0ec0196743cc.jpg,0,0,0,0,0,0,0,0,0,0,0,0,0,0,0,0,1
2014-2015-NFHS-Volleyball-Signals-for-Referee-R1-produced-by-ZONI_mp4-0031_jpg.rf.d101aaa7ebf6a877fa6b0ef01e9fbab1.jpg,0,0,0,0,0,0,0,0,0,0,0,0,0,0,0,0,1
game3_2_mp4-0142_jpg.rf.906a675dadc3fcc68fb6c3d20851a45f.jpg,1,0,0,0,0,0,0,0,0,0,0,0,0,0,0,0,0
IMG_7242_mov-0513_jpg.rf.f28da972b9aeb28da9180043fb800111.jpg,0,0,1,0,0,0,0,0,0,0,0,0,0,0,0,0,0
2014-2015-NFHS-Volleyball-Signals-for-Referee-R1-produced-by-ZONI_mp4-0529_jpg.rf.115ac1f0c0ffa769fff270bde446cb3c.jpg,0,0,1,0,0,0,0,0,0,0,0,0,0,0,0,0,0
IMG_7219_mov-0071_jpg.rf.64ccad72e8f97c8f2761dd519b0e45a8.jpg,0,1,0,0,0,0,0,0,0,0,0,0,0,0,0,0,0
-2025-03-13-10-54-50_png.rf.7d435e5af9e43411031d017442d243ea.jpg,0,0,0,0,1,0,0,0,0,0,0,0,0,0,0,0,0
IMG_7238_mov-0031_jpg.rf.1d094f0523bf87b6eae07158175a1acd.jpg,0,0,0,0,0,0,0,0,0,0,0,0,1,0,0,0,0
game3_2_mp4-0006_jpg.rf.dcc502d5421965bee296ca5c1453b144.jpg,0,0,0,0,0,0,0,0,0,0,0,0,0,0,0,0,1
2014-2015-NFHS-Volleyball-Signals-for-Referee-R1-produced-by-ZONI_mp4-0476_jpg.rf.d9e45559bdf09b7603bab24805942892.jpg,0,0,0,0,0,0,0,0,0,0,0,0,0,0,0,0,1
2014-2015-NFHS-Volleyball-Signals-for-Referee-R1-produced-by-ZONI_mp4-0620_jpg.rf.1b304de3f9f29103e78f31c22d08491d.jpg,0,0,0,0,0,0,0,0,1,0,0,0,0,0,0,0,0
Official_volleyball_signals_-_time_out_jpg.rf.cdcedf3d12f6bf13792318b400c986b7.jpg,0,0,0,0,1,0,0,0,0,0,0,0,0,0,0,0,0
IMG_8839_mov-0021_jpg.rf.8a3d46ca20cdc7e68ffa1c7dd0ad0018.jpg,1,0,0,0,0,0,0,0,0,0,0,0,0,0,0,0,0
-2025-02-23-5-47-21_png.rf.aaadce23556e9e2d04e692a582860b76.jpg,0,0,0,0,0,0,0,0,0,0,0,0,0,1,0,0,0
-2025-03-13-10-53-40_png.rf.009b7bc1ccd652aefc338b0e5af36023.jpg,0,0,0,0,0,0,0,0,0,0,1,0,0,0,0,0,0
-2025-03-13-10-57-18_png.rf.f38dca66e30ebece2a3a0df0f3836466.jpg,0,0,0,0,0,0,0,1,0,0,0,0,0,0,0,0,0
-2025-02-26-11-49-46_png.rf.3514f8bef453bf02e307fb7a68bdddf8.jpg,0,0,0,0,1,0,0,0,0,0,0,0,0,0,0,0,0
-2025-03-13-11-06-32_png.rf.a46cbb740bd02e606c445cf71d6a443f.jpg,0,0,0,0,1,0,0,0,0,0,0,0,0,0,0,0,0
IMG_8839_mov-0161_jpg.rf.05c2073caa3269a424cb6a64cf534ec0.jpg,1,0,0,0,0,0,0,0,0,0,0,0,0,0,0,0,0
IMG_7238_mov-0160_jpg.rf.89cf0d5f13dd5bd13e753f723e6a6a03.jpg,0,0,0,0,0,0,0,0,0,0,0,0,1,0,0,0,0
IMG_7225_mov-0272_jpg.rf.768c88d56d0c1dee085f6d6954be1094.jpg,1,0,0,0,0,0,0,0,0,0,0,0,0,0,0,0,0
IMG_8808_mov-0067_jpg.rf.14a0d5b9c44081a0dc0ca7eea86f32a4.jpg,0,1,0,0,0,0,0,0,0,0,0,0,0,0,0,0,0
game3_2_mp4-0013_jpg.rf.4cffcf91c7b14bb28748689772434e33.jpg,0,0,0,0,0,0,0,0,0,0,0,0,0,0,0,0,1
2014-2015-NFHS-Volleyball-Signals-for-Referee-R1-produced-by-ZONI_mp4-0349_jpg.rf.ddf97a6b9c1d7ba3289039689a9396be.jpg,0,0,0,0,0,0,0,0,0,0,0,0,0,0,0,0,1
Volleyball-Signals-Training_mp4-0043_jpg.rf.cf7c400ba744510cad22e5f03f126087.jpg,0,0,0,0,0,0,0,0,0,0,0,0,0,0,0,0,1
-2025-03-13-10-14-24_png.rf.46b3d9ae016a95aa97a34784d44b10ed.jpg,0,0,0,0,0,0,0,0,0,0,0,0,0,1,0,0,0
-2025-03-13-10-00-22_png.rf.a9f075370289d6b289b316168a5eb63f.jpg,0,0,0,0,0,0,0,1,0,0,0,0,0,0,0,0,0
-2025-03-13-11-23-49_png.rf.2e9af90a14d79565854606aa11492dee.jpg,0,0,0,0,0,0,0,0,0,0,0,0,0,1,0,0,0
-2025-02-23-5-47-58_png.rf.6e00a071c76ed3fe91bc508c7a3427bf.jpg,0,0,0,0,0,0,0,0,0,0,1,0,0,0,0,0,0
2014-2015-NFHS-Volleyball-Signals-for-Referee-R1-produced-by-ZONI_mp4-0473_jpg.rf.d02eddd3ad1ed74ac56cf3bd0b5c8e3f.jpg,0,0,0,0,0,0,0,0,0,0,0,0,0,0,0,0,1
-2025-02-23-5-57-37_png.rf.8247827f0efa2d20df050e97dea1a34c.jpg,0,0,0,0,0,0,0,0,1,0,0,0,0,0,0,0,0
-2025-02-26-11-44-00_png.rf.35b5eadbfbe84fd4536235d959395655.jpg,0,0,0,1,0,0,0,0,0,0,0,0,0,0,0,0,0
-2025-02-23-5-52-18_png.rf.e8ca75f629d4392ff97e6be658352f0d.jpg,0,0,0,0,0,0,0,1,0,0,0,0,0,0,0,0,0
-2025-03-13-9-58-19_png.rf.705d3047294d9df4713a8487a65db83b.jpg,0,0,0,0,0,0,0,0,0,0,0,0,0,1,0,0,0
-2025-03-13-11-21-08_png.rf.76fd34ff57202d759e5496de1647c621.jpg,0,0,0,0,0,0,0,0,0,0,0,1,0,0,0,0,0
IMG_7243_mov-0391_jpg.rf.dc30059f35ac1ac3fcb0f912cd9bc68f.jpg,0,0,0,0,0,0,0,0,0,0,0,0,0,0,0,0,1
IMG_7242_mov-0157_jpg.rf.f283253841f79a5e0399192d66064573.jpg,0,0,1,0,0,0,0,0,0,0,0,0,0,0,0,0,0
2014-2015-NFHS-Volleyball-Signals-for-Referee-R1-produced-by-ZONI_mp4-0449_jpg.rf.01f1668923444cb0ce948d153726d131.jpg,0,1,0,0,0,0,0,0,0,0,0,0,0,0,0,0,0
-2025-02-26-11-43-15_png.rf.9c7e667c52a1f604eb5b5ca94e844dca.jpg,0,0,0,0,0,0,0,0,0,0,0,1,0,0,0,0,0
-2025-02-23-6-00-06_png.rf.3e38461d0dfd4befafe60e2345cdcf51.jpg,0,0,0,0,0,0,0,0,0,0,1,0,0,0,0,0,0
IMG_8839_mov-0032_jpg.rf.b6b837b9e2ac0aa121315d6b797755ad.jpg,0,0,0,0,0,0,0,0,0,0,0,0,0,0,0,0,1
-2025-03-13-10-54-21_png.rf.7015eae71fc3df0f7d74dccc76bc58cd.jpg,0,0,0,0,0,0,0,0,1,0,0,0,0,0,0,0,0
Volleyball-Signals-Training_mp4-0048_jpg.rf.62e139c4f28e3a13eec97c17a89a1184.jpg,0,0,0,0,0,0,0,0,0,0,0,0,0,0,0,0,1
IMG_7889_MOV-0002_jpg.rf.3e4eea1b594601ab9cf5b910b88b1b09.jpg,0,0,0,0,0,0,0,0,0,1,0,0,0,0,0,0,0
-2025-05-10-11-32-58_png.rf.81e2cb1788435c1b9e6f7f971663615d.jpg,0,0,0,0,0,0,0,0,0,0,0,0,0,0,0,1,0
2014-2015-NFHS-Volleyball-Signals-for-Referee-R1-produced-by-ZONI_mp4-0359_jpg.rf.f80bae66b36855305026ec0b4f33b822.jpg,0,0,0,0,0,0,0,0,0,0,0,0,0,0,0,0,1
IMG_7219_mov-0064_jpg.rf.caf22dde98f9356a7d4d4bd7dbce5cff.jpg,0,0,0,0,0,0,0,0,0,0,0,0,0,0,1,0,0
2014-2015-NFHS-Volleyball-Signals-for-Referee-R1-produced-by-ZONI_mp4-0034_jpg.rf.8f2836fd3d2b6d7626430a2b81f89d0c.jpg,0,0,0,0,0,0,0,0,0,0,0,0,0,0,1,0,0
IMG_8808_mov-0021_jpg.rf.cd939af002a20e197d3916a412a6ab02.jpg,0,0,0,0,0,0,0,0,0,0,0,0,1,0,0,0,0
Volleyball-Signals-Training_mp4-0026_jpg.rf.3549a79077470606fa4823e2dc4a01e3.jpg,0,1,0,0,0,0,0,0,0,0,0,0,0,0,0,0,0
-2025-03-13-11-20-39_png.rf.fc159ef5db4de8ab9de41a0c5b5b32fa.jpg,0,0,0,0,0,0,1,0,0,0,0,0,0,0,0,0,0
2014-2015-NFHS-Volleyball-Signals-for-Referee-R1-produced-by-ZONI_mp4-0032_jpg.rf.4be23b6ed9bf72f4d785c47a6fbd5e9e.jpg,0,0,0,0,0,0,0,0,0,0,0,0,0,0,1,0,0
Volleyball-Signals-Training_mp4-0061_jpg.rf.962455e18d2231d9f26f2a6d106f3885.jpg,0,0,0,0,0,0,0,0,0,0,0,0,0,0,0,0,1
videoplayback_mp4-0158_jpg.rf.bf6d26b49d4960c6bcc5321c8f56ebe9.jpg,0,0,0,0,0,0,0,0,0,0,0,0,0,1,0,0,0
-2025-03-13-11-32-56_png.rf.c6a55bb4c9551e81168b768ac1b73f0f.jpg,0,0,0,0,0,0,0,0,0,0,1,0,0,0,0,0,0
IMG_7888_MOV-0039_jpg.rf.47d08bb85045e79cb9815baa18c338bf.jpg,0,0,0,0,0,0,1,0,0,0,0,0,0,0,0,0,0
2014-2015-NFHS-Volleyball-Signals-for-Referee-R1-produced-by-ZONI_mp4-0525_jpg.rf.f5d757ea1d9bce107f633f04335394a4.jpg,0,0,0,0,0,0,0,0,0,0,0,0,0,0,0,0,1
IMG_7243_mov-0079_jpg.rf.a2255620a823455f1fbdc8839b2dd284.jpg,0,0,0,0,0,0,0,0,0,0,0,0,1,0,0,0,0
game3_2_mp4-0624_jpg.rf.153c8c4670a32e4cc83f43352133bf17.jpg,1,0,0,0,0,0,0,0,0,0,0,0,0,0,0,0,0
2014-2015-NFHS-Volleyball-Signals-for-Referee-R1-produced-by-ZONI_mp4-0485_jpg.rf.986ce9961446452eee9259e483347f78.jpg,0,0,0,0,0,0,0,0,0,0,0,0,0,0,0,0,1
game3_2_mp4-0720_jpg.rf.7f0cd9019b7ba45fd80f596f9a916ac0.jpg,0,1,0,0,0,0,0,0,0,0,0,0,0,0,0,0,0
Volleyball-Signals-Training_mp4-0124_jpg.rf.5187e04a26ccb11036d3bc3657fc5faf.jpg,0,0,1,0,0,0,0,0,0,0,0,0,0,0,0,0,0
-2025-02-26-11-40-22_png.rf.e6a08f1ef54cc342529d36964fb40fc5.jpg,0,0,0,0,0,0,0,0,0,1,0,0,0,0,0,0,0
-2025-03-13-11-32-10_png.rf.2a65f0022f99cdc124e200e601935a57.jpg,0,0,0,0,0,0,0,1,0,0,0,0,0,0,0,0,0
IMG_7882_MOV-0008_jpg.rf.e4ec9806da47f86b193920028f6ca16c.jpg,0,0,0,0,0,0,0,0,0,0,0,0,0,0,1,0,0
-2025-02-23-5-55-21_png.rf.52fc256d8f5823f05823a0ee156bde6a.jpg,0,0,0,0,0,0,0,0,0,0,0,0,0,0,0,0,1
game3_2_mp4-0480_jpg.rf.5cf1594ddb2354189aa8c4365efe8f79.jpg,0,1,0,0,0,0,0,0,0,0,0,0,0,0,0,0,0
2_mp4-0209_jpg.rf.bbb732d2499dcdc59c7c165805083fbe.jpg,0,0,0,0,0,0,0,0,0,0,0,0,1,0,0,0,0
-2025-03-13-10-27-45_png.rf.79d7205bf8bade2777005dd34b0e8c8e.jpg,0,0,0,0,0,0,0,0,0,1,0,0,0,0,0,0,0
-2025-03-13-10-37-08_png.rf.851ee5c6b6cd8febddf68d488b92b510.jpg,0,0,0,0,0,0,0,0,0,1,0,0,0,0,0,0,0
2014-2015-NFHS-Volleyball-Signals-for-Referee-R1-produced-by-ZONI_mp4-0554_jpg.rf.feefbb685cbd2116fdf2ae42d3e529dc.jpg,0,0,0,0,0,0,0,0,0,0,0,0,0,0,0,0,1
IMG_7219_mov-0341_jpg.rf.c4073cae622f9212452618a1b0ab1944.jpg,0,0,0,0,0,0,0,0,0,0,0,0,0,0,1,0,0
Volleyball-Signals-Training_mp4-0032_jpg.rf.1137c2d2b796d636972327475cf4e5db.jpg,0,0,0,0,0,0,0,0,0,0,0,0,0,0,0,0,1
game3_2_mp4-0269_jpg.rf.08d0bf55f3a7874cdd6cbd63e6f29275.jpg,0,0,0,0,0,0,0,0,0,0,0,0,1,0,0,0,0
-2025-05-10-11-28-39_png.rf.779d0b8ae9e4ae14bf80bbd6f9cd6d0e.jpg,0,0,0,0,0,0,0,0,0,0,0,0,0,0,0,1,0
-2025-03-13-10-58-04_png.rf.b610a49d16e2922e69a40dd4cadb6b0b.jpg,0,0,0,0,0,0,0,0,0,1,0,0,0,0,0,0,0
2_mp4-0007_jpg.rf.0411530f07c96bce8450569faaeabad8.jpg,0,0,0,0,0,0,0,0,0,0,0,0,0,1,0,0,0
2014-2015-NFHS-Volleyball-Signals-for-Referee-R1-produced-by-ZONI_mp4-0778_jpg.rf.cb3d5747dbc219ee2e5c817932e60ab7.jpg,0,0,0,0,1,0,0,0,0,0,0,0,0,0,0,0,0
2014-2015-NFHS-Volleyball-Signals-for-Referee-R1-produced-by-ZONI_mp4-0863_jpg.rf.9c3fa6c2b5cea9610c9fb8003c2b3d29.jpg,1,0,0,0,0,0,0,0,0,0,0,0,0,0,0,0,0
2_mp4-0217_jpg.rf.1ff3287634b508ae49582d1a604dd824.jpg,0,0,0,0,0,0,0,0,0,0,1,0,0,0,0,0,0
game3_2_mp4-0085_jpg.rf.5c3c9d8359a80ae4e827afa8436665d2.jpg,0,1,0,0,0,0,0,0,0,0,0,0,0,0,0,0,0
videoplayback_mp4-0096_jpg.rf.ed8e10c1fbaedf2ff1f8d5490b19db8a.jpg,0,0,0,0,0,0,0,0,0,0,0,0,1,0,0,0,0
2014-2015-NFHS-Volleyball-Signals-for-Referee-R1-produced-by-ZONI_mp4-0896_jpg.rf.f198f863dba4d2967241ec6c1e0a1471.jpg,0,0,0,0,0,0,0,0,0,1,0,0,0,0,0,0,0
images_jpeg.rf.f492bcb5c33cd7c5185d1a28d45bc094.jpg,0,0,0,0,1,0,0,0,0,0,0,0,0,0,0,0,0
-2025-05-10-11-37-24_png.rf.02f2c0304575eb3f1f3b732cc79e3899.jpg,0,0,0,0,0,0,0,0,0,0,0,0,0,0,0,1,0
2014-2015-NFHS-Volleyball-Signals-for-Referee-R1-produced-by-ZONI_mp4-0603_jpg.rf.d455e1815642da4317300d9bdbdab5b8.jpg,0,0,0,0,0,0,0,0,1,0,0,0,0,0,0,0,0
2014-2015-NFHS-Volleyball-Signals-for-Referee-R1-produced-by-ZONI_mp4-0023_jpg.rf.3f1a710506c62276f86497f993e4f301.jpg,0,0,0,0,0,0,0,0,0,0,0,0,0,0,0,0,1
videoplayback_mp4-0137_jpg.rf.89e9d35937965cb01689f84b9b36f847.jpg,0,0,1,0,0,0,0,0,0,0,0,0,0,0,0,0,0
2014-2015-NFHS-Volleyball-Signals-for-Referee-R1-produced-by-ZONI_mp4-0317_jpg.rf.a106c9ecdcc295672ea9c63986900388.jpg,0,0,0,0,0,0,0,0,0,0,0,0,0,0,0,0,1
2014-2015-NFHS-Volleyball-Signals-for-Referee-R1-produced-by-ZONI_mp4-0518_jpg.rf.5d6e1d37be0e95a66ea3fae87947b7e4.jpg,0,0,0,0,0,0,0,0,0,0,0,0,0,0,0,0,1
-2025-02-26-11-49-15_png.rf.9c72c58da7473c37826c80116855cc65.jpg,0,0,0,0,0,0,0,0,1,0,0,0,0,0,0,0,0
Volleyball-Signals-Training_mp4-0209_jpg.rf.549f0c1f0a0e35cb4e664f3e020e8c5c.jpg,0,0,0,0,0,0,0,0,0,1,0,0,0,0,0,0,0
Volleyball-Signals-Training_mp4-0054_jpg.rf.4702d17571b90d0f5a14002e0d705c20.jpg,0,0,0,0,0,0,0,0,0,0,0,0,0,0,0,0,1
2_mp4-0006_jpg.rf.53920d92b60148cc0c78232f8a12c5c3.jpg,0,0,0,0,0,0,0,0,0,0,0,0,0,1,0,0,0
IMG_8839_mov-0266_jpg.rf.dce100df7bfd469d6a74a0de267b8ea1.jpg,0,0,0,0,0,0,0,0,0,0,0,0,0,0,1,0,0
IMG_7243_mov-0080_jpg.rf.0a475a1537a1686b52207097032e4bb0.jpg,0,0,0,0,0,0,0,0,0,0,0,0,1,0,0,0,0
2014-2015-NFHS-Volleyball-Signals-for-Referee-R1-produced-by-ZONI_mp4-0067_jpg.rf.e69f0ded2a0ffa9eb5d09214c3af5757.jpg,0,0,0,0,0,0,0,0,0,0,0,0,0,0,0,0,1
IMG_7225_mov-0229_jpg.rf.81de21e554639a71022d70ffd2379d8e.jpg,0,0,0,0,0,0,0,0,0,0,0,0,0,0,1,0,0
IMG_8839_mov-0186_jpg.rf.ca529b1b09ace0f56af560d4d45ef2b4.jpg,0,0,0,0,0,0,0,0,0,0,0,0,0,0,0,0,1
videoplayback_mp4-0221_jpg.rf.84aa7fb0f0e3eb78ab4673b5f6180596.jpg,0,0,0,0,0,0,0,0,0,0,0,0,0,0,0,0,1
IMG_8795_mov-0492_jpg.rf.761ef9ecd69c703c56a4f269f77a107f.jpg,0,1,0,0,0,0,0,0,0,0,0,0,0,0,0,0,0
2014-2015-NFHS-Volleyball-Signals-for-Referee-R1-produced-by-ZONI_mp4-0619_jpg.rf.7716279cfce7018f27d91dd05fcabb99.jpg,0,0,0,0,0,0,0,0,1,0,0,0,0,0,0,0,0
Volleyball-Signals-Training_mp4-0067_jpg.rf.88b6612b67e3a99901b5c5f6db650e28.jpg,0,0,0,0,0,0,0,0,0,0,0,0,0,0,0,0,1
Volleyball-Referees-Official-Hand-Signals-_-D2-team-to-serve-_-TPE_mp4-0006_jpg.rf.95eb563479c1b5758e65e2a889f1fd85.jpg,0,1,0,0,0,0,0,0,0,0,0,0,0,0,0,0,0
maxresdefault_jpg.rf.39e435da8bb8a0619a897e01a326b402.jpg,0,0,0,0,0,0,0,1,0,0,0,0,0,0,0,0,0
Volleyball-Signals-Training_mp4-0074_jpg.rf.0bda3a952ced87749661f9e066df0b74.jpg,0,0,0,0,0,0,0,0,0,0,0,0,0,0,0,0,1
IMG_7225_mov-0182_jpg.rf.a9caadc1c636ccee3d14fe0a5b2a12d6.jpg,0,0,0,0,0,0,0,0,0,0,0,0,0,0,1,0,0
-2025-02-23-5-59-30_png.rf.70dab983fa331abf3369e4cfe5d04208.jpg,0,0,0,0,0,0,1,0,0,0,0,0,0,0,0,0,0
2014-2015-NFHS-Volleyball-Signals-for-Referee-R1-produced-by-ZONI_mp4-0528_jpg.rf.dd8c07164acbfdf131ec976ede4a9e2d.jpg,0,0,1,0,0,0,0,0,0,0,0,0,0,0,0,0,0
IMG_7888_MOV-0026_jpg.rf.8d9b2a456425c5d42c55483aff556250.jpg,0,0,0,0,1,0,0,0,0,0,0,0,0,0,0,0,0
IMG_7238_mov-0246_jpg.rf.c7f42428db07c3870a4fdd39f113fbf6.jpg,0,0,0,0,0,0,0,0,0,0,0,0,0,0,0,0,1
-2025-03-13-9-59-55_png.rf.e23e17826f9071de983a861890879e21.jpg,0,0,0,0,0,0,0,0,1,0,0,0,0,0,0,0,0
-2025-03-13-10-58-34_png.rf.12b570f9aa45b48c39b07227afb3ad3c.jpg,0,0,0,0,0,0,0,0,1,0,0,0,0,0,0,0,0
-2025-03-13-10-39-18_png.rf.2e5cc7f00f875bf2a0d43b1acdbf73ea.jpg,0,0,0,0,0,0,0,0,0,0,0,0,0,1,0,0,0
videoplayback_mp4-0071_jpg.rf.88dbd1a7882d70239fead8d5afe97c0e.jpg,0,0,0,0,0,0,0,0,0,0,0,0,0,0,0,0,1
-2025-02-26-11-50-03_png.rf.ba23661fda76985e89b3e71dfd332b8b.jpg,0,0,0,0,0,0,0,0,0,0,0,0,0,0,0,0,1
Volleyball-Signals-Training_mp4-0020_jpg.rf.2756a7e4a0254699379f9168f3cc7889.jpg,0,0,0,0,0,0,0,0,0,0,0,0,0,0,0,0,1
2014-2015-NFHS-Volleyball-Signals-for-Referee-R1-produced-by-ZONI_mp4-0477_jpg.rf.cf9844e991cf24733e8c5f12519c7cfb.jpg,0,0,0,0,0,0,0,0,0,0,0,1,0,0,0,0,0
-2025-03-13-11-02-04_png.rf.d4ea7802946da12a8f90cc18937e8ecb.jpg,0,0,0,0,0,0,0,0,0,0,0,1,0,0,0,0,0
-2025-03-13-10-26-12_png.rf.088cb6358ade63dc58bdf163af0e6ed5.jpg,0,0,0,1,0,0,0,0,0,0,0,0,0,0,0,0,0
IMG_7242_mov-0324_jpg.rf.b4e33002b6f8664ad0819d15522e734a.jpg,0,0,1,0,0,0,0,0,0,0,0,0,0,0,0,0,0
IMG_7888_MOV-0019_jpg.rf.8313cb46d6f42cfea43a1244d2cb1763.jpg,0,0,0,0,1,0,0,0,0,0,0,0,0,0,0,0,0
-2025-02-23-5-53-52_png.rf.207fcf95a4ad57ce6ea9bc018e59a9d2.jpg,0,0,0,0,0,0,0,0,0,0,0,0,0,1,0,0,0
2_mp4-0127_jpg.rf.5f352f268dce0e8a56c7e53f97ae6477.jpg,0,0,0,0,1,0,0,0,0,0,0,0,0,0,0,0,0
game3_2_mp4-0294_jpg.rf.3284277bb1ed77907f88d6681b19f09c.jpg,0,0,0,0,0,0,0,0,0,0,0,0,1,0,0,0,0
Volleyball-Signals-Training_mp4-0045_jpg.rf.3f7029a5505226d0a4a0bc7f6af6094a.jpg,0,0,0,0,0,0,0,0,0,0,0,0,0,0,0,0,1
2014-2015-NFHS-Volleyball-Signals-for-Referee-R1-produced-by-ZONI_mp4-0481_jpg.rf.e78c6125f212438fd4ce8e891dcc7b1c.jpg,0,0,0,0,0,0,0,0,0,0,0,0,0,0,0,0,1
game3_2_mp4-0233_jpg.rf.544f27ddbfeb2a213da760f072c3f410.jpg,0,0,1,0,0,0,0,0,0,0,0,0,0,0,0,0,0
2_mp4-0108_jpg.rf.03df8429654bde40e2637f01ba6d4658.jpg,0,0,0,0,0,0,0,0,0,0,0,0,0,0,0,0,1
-2025-03-13-10-00-36_png.rf.a72e89bac6503953a5fbe732dbdbff3d.jpg,0,0,0,0,0,0,1,0,0,0,0,0,0,0,0,0,0
-2025-02-23-6-02-31_png.rf.aea61bbc451c3b0339fd08da827c7d7b.jpg,0,0,0,0,0,0,0,1,0,0,0,0,0,0,0,0,0
-2025-03-13-11-20-51_png.rf.ca98a9a554aff17ae00de8fbeda1fadc.jpg,0,0,0,0,0,0,0,0,0,0,0,0,0,1,0,0,0
-2025-03-13-10-32-42_png.rf.0f6ebe221015d3a19d5b7418d87c1a15.jpg,0,0,0,0,1,0,0,0,0,0,0,0,0,0,0,0,0
2014-2015-NFHS-Volleyball-Signals-for-Referee-R1-produced-by-ZONI_mp4-0242_jpg.rf.a630d642e1125f4fc86974e8940ff83a.jpg,0,0,1,0,0,0,0,0,0,0,0,0,0,0,0,0,0
-2025-03-13-10-32-49_png.rf.24ad92f1d679f700a79fe7981277a23e.jpg,0,0,0,0,1,0,0,0,0,0,0,0,0,0,0,0,0
2014-2015-NFHS-Volleyball-Signals-for-Referee-R1-produced-by-ZONI_mp4-0074_jpg.rf.8c0d3d3847baa92ce252d73560671451.jpg,0,1,0,0,0,0,0,0,0,0,0,0,0,0,0,0,0
videoplayback_mp4-0226_jpg.rf.25944b903ab8a4fb7c20ba367a153802.jpg,0,0,0,0,0,0,0,0,0,0,0,0,0,0,0,0,1
IMG_8839_mov-0420_jpg.rf.6488d4b1be3839a79f5778b263139e1c.jpg,0,0,1,0,0,0,0,0,0,0,0,0,0,0,0,0,0
2_mp4-0010_jpg.rf.2e39fbb67d8b6c69275808881585ed8b.jpg,0,0,0,0,0,0,0,0,0,1,0,0,0,0,0,0,0
Volleyball-Signals-Training_mp4-0089_jpg.rf.07d832adf90c8030ab4e4b96d918625a.jpg,0,1,0,0,0,0,0,0,0,0,0,0,0,0,0,0,0
-2025-03-13-10-32-11_png.rf.714db6b73f95f7699acaf88199b4ffaa.jpg,0,0,0,1,0,0,0,0,0,0,0,0,0,0,0,0,0
2014-2015-NFHS-Volleyball-Signals-for-Referee-R1-produced-by-ZONI_mp4-0057_jpg.rf.622ca104b622f4ae06368c13ece4efa2.jpg,0,0,0,0,0,0,0,0,0,0,0,0,0,0,1,0,0
2014-2015-NFHS-Volleyball-Signals-for-Referee-R1-produced-by-ZONI_mp4-0927_jpg.rf.4ef5c1c3f379ae2139b1334b25a92d7c.jpg,0,0,0,0,0,0,0,0,0,1,0,0,0,0,0,0,0
-2025-03-13-9-52-52_png.rf.e94936500fd0d7518af17f488fac1b11.jpg,0,0,0,0,1,0,0,0,0,0,0,0,0,0,0,0,0
Volleyball-Signals-Training_mp4-0065_jpg.rf.7b1aa64dc7e429c29c54ecd8d531fb37.jpg,0,0,0,0,0,0,0,0,0,0,0,0,0,0,0,0,1
-2025-02-26-11-40-29_png.rf.1c220fe98689b07cb4a3561cb0b50299.jpg,0,0,0,0,0,0,0,0,0,1,0,0,0,0,0,0,0
example_mp4-0006_jpg.rf.a6d57494eaaf31ee84d55b82a0b11053.jpg,1,0,0,0,0,0,0,0,0,0,0,0,0,0,0,0,0
IMG_7243_mov-0337_jpg.rf.dee29831b2868b34686b2aaa3232fd80.jpg,0,1,0,0,0,0,0,0,0,0,0,0,0,0,0,0,0
IMG_7243_mov-0196_jpg.rf.9bed6c0313200f92ce8d44ec44b5d033.jpg,0,0,0,0,0,0,0,0,0,0,0,0,1,0,0,0,0
-2025-03-13-11-01-24_png.rf.9ca39e7def94969798d8970a04ed2762.jpg,0,0,0,0,0,0,0,0,0,0,0,0,0,1,0,0,0
2014-2015-NFHS-Volleyball-Signals-for-Referee-R1-produced-by-ZONI_mp4-0541_jpg.rf.d579147cc9a807adc0796382072b0bf1.jpg,0,0,1,0,0,0,0,0,0,0,0,0,0,0,0,0,0
-2025-05-11-5-39-44_png.rf.1b3103d215cdb1f464f3944c3771f7d4.jpg,0,0,0,0,0,0,0,0,0,0,0,0,0,0,0,1,0
game3_2_mp4-0202_jpg.rf.0829b01d2d77bdf986ea5b99ed94a2f0.jpg,0,0,0,0,0,0,0,0,0,0,0,0,0,0,0,0,1
game3_2_mp4-0080_jpg.rf.4bc7a733dd9c28211e7df0655d238700.jpg,0,0,1,0,0,0,0,0,0,0,0,0,0,0,0,0,0
game3_2_mp4-0251_jpg.rf.5726e7104eec79aacaead04a832bb328.jpg,0,1,0,0,0,0,0,0,0,0,0,0,0,0,0,0,0
-2025-02-26-12-07-51_png.rf.c7f5dc5144681fe6c262e8b35ed7b55a.jpg,0,0,0,0,0,0,0,0,0,1,0,0,0,0,0,0,0
Volleyball-Signals-Training_mp4-0024_jpg.rf.5335753eb6202244f4c0e284172a7a8a.jpg,0,0,0,0,0,0,0,0,0,0,0,0,0,0,0,0,1
IMG_7219_mov-0084_jpg.rf.b42f596c3b78ac975cfcf2cb7102f21d.jpg,0,0,0,0,0,0,0,0,0,0,0,0,0,0,1,0,0
IMG_7219_mov-0152_jpg.rf.e02e11a592efbe3eae146dee5120ccae.jpg,0,0,0,0,0,0,0,0,0,0,0,0,1,0,0,0,0
2014-2015-NFHS-Volleyball-Signals-for-Referee-R1-produced-by-ZONI_mp4-0037_jpg.rf.36af64f40da04ead2ff1b0e4d3eb5333.jpg,0,1,0,0,0,0,0,0,0,0,0,0,0,0,0,0,0
2014-2015-NFHS-Volleyball-Signals-for-Referee-R1-produced-by-ZONI_mp4-0179_jpg.rf.cc55ade7dace6621cc01c7015ae99a96.jpg,0,0,0,0,0,0,0,0,0,0,0,0,0,0,0,0,1
IMG_7238_mov-0090_jpg.rf.01de3271a81e3ad8dc3dd6c1f2ff457b.jpg,0,1,0,0,0,0,0,0,0,0,0,0,0,0,0,0,0
IMG_7219_mov-0213_jpg.rf.3b069664d6d14413e69006d75f5d391b.jpg,0,0,1,0,0,0,0,0,0,0,0,0,0,0,0,0,0
-2025-03-13-10-59-51_png.rf.254809a37d9c2ff974dbc512280fbf3c.jpg,0,0,0,0,0,0,0,1,0,0,0,0,0,0,0,0,0
2014-2015-NFHS-Volleyball-Signals-for-Referee-R1-produced-by-ZONI_mp4-0887_jpg.rf.af411259c556633ded73ee3ecb497244.jpg,0,0,0,0,0,0,0,0,0,1,0,0,0,0,0,0,0
Volleyball-Referees-Official-Hand-Signals-_-D2-team-to-serve-_-TPE_mp4-0002_jpg.rf.4aa50d4d12b5b6ef44405e5e2c93cba0.jpg,1,0,0,0,0,0,0,0,0,0,0,0,0,0,0,0,0
IMG_7225_mov-0112_jpg.rf.e5505273011c12ce86bd5247a43a564d.jpg,0,0,0,0,0,0,0,0,0,0,0,1,0,0,0,0,0
2014-2015-NFHS-Volleyball-Signals-for-Referee-R1-produced-by-ZONI_mp4-0882_jpg.rf.c587b5413c2730a04f7b69b7538c09fe.jpg,0,0,0,0,0,0,0,1,0,0,0,0,0,0,0,0,0
Volleyball-Signals-Training_mp4-0029_jpg.rf.7af85e0485bb8aabc059eb42aa20823c.jpg,0,0,0,0,0,0,0,0,0,0,0,0,0,0,0,0,1
Volleyball-Referees-Official-Hand-Signals-_-D2-team-to-serve-_-TPE_mp4-0000_jpg.rf.24e9a1017d8bf1517ee692bc967ddb8f.jpg,0,0,0,0,0,0,0,0,0,0,0,0,0,0,0,0,1
IMG_7888_MOV-0022_jpg.rf.2abc4bf44b2f09259bd53af4c06a2f2b.jpg,0,0,0,0,0,0,0,0,0,0,0,0,0,0,0,0,1
-2025-03-13-9-59-21_png.rf.59115c33df2d2c6122ce5217596eb738.jpg,0,0,0,0,1,0,0,0,0,0,0,0,0,0,0,0,0
-2025-03-13-10-38-24_png.rf.b9713531782d0a06aa3925b6318b54db.jpg,0,0,0,0,0,0,0,0,1,0,0,0,0,0,0,0,0
-2025-02-26-11-41-10_png.rf.d021ca75373dd657c8caeb40196e62e6.jpg,0,0,0,0,1,0,0,0,0,0,0,0,0,0,0,0,0
-2025-03-13-9-49-24_png.rf.0b7c7516d7ef446e6c15cc51b72d0eab.jpg,0,0,0,0,0,0,0,0,0,0,0,0,0,1,0,0,0
2014-2015-NFHS-Volleyball-Signals-for-Referee-R1-produced-by-ZONI_mp4-0418_jpg.rf.473160af08476b03904f2b7d28525c3f.jpg,0,0,0,0,0,0,0,0,0,0,0,0,0,0,0,0,1
game3_2_mp4-0027_jpg.rf.90f33f256cfd9107d7b4cf893096fbed.jpg,0,0,0,0,0,0,0,0,0,0,0,0,0,0,0,0,1
2014-2015-NFHS-Volleyball-Signals-for-Referee-R1-produced-by-ZONI_mp4-0516_jpg.rf.2d73dc2cc168880e92915d276632b8dc.jpg,0,0,1,0,0,0,0,0,0,0,0,0,0,0,0,0,0
2014-2015-NFHS-Volleyball-Signals-for-Referee-R1-produced-by-ZONI_mp4-0374_jpg.rf.234a5a834c41e07ace058aee591b0a1f.jpg,0,0,0,0,0,0,0,0,0,0,0,0,0,0,0,0,1
IMG_7225_mov-0397_jpg.rf.82081a9f0aac58b9ec7a6bfafc91c427.jpg,0,0,0,0,0,0,0,0,0,0,0,0,0,0,1,0,0
videoplayback_mp4-0132_jpg.rf.41d15650b3a000657220cacbf1bb3733.jpg,0,0,1,0,0,0,0,0,0,0,0,0,0,0,0,0,0
-2025-05-11-5-18-38_png.rf.4e69210eaa4408fecbe6cbe45d60ee6d.jpg,0,0,0,0,0,0,0,0,0,0,0,0,0,0,0,1,0
2014-2015-NFHS-Volleyball-Signals-for-Referee-R1-produced-by-ZONI_mp4-0597_jpg.rf.8ef6bd2c8f120daf938d70a93c7bc787.jpg,0,0,0,0,0,0,0,0,0,0,0,0,0,0,0,0,1
Volleyball-Signals-Training_mp4-0038_jpg.rf.f3587b4910405f1782e18ce885b02c73.jpg,0,0,0,0,0,0,0,0,0,0,0,0,0,0,0,0,1
2014-2015-NFHS-Volleyball-Signals-for-Referee-R1-produced-by-ZONI_mp4-0128_jpg.rf.f927a125c71753b67958941843f21b03.jpg,0,0,0,0,0,0,0,0,0,0,0,0,0,0,0,0,1
2014-2015-NFHS-Volleyball-Signals-for-Referee-R1-produced-by-ZONI_mp4-0193_jpg.rf.79790d1291bb67a4f2fd52193fe91c83.jpg,0,0,0,0,0,0,0,0,0,0,0,0,0,0,0,0,1
IMG_7887_MOV-0001_jpg.rf.17f03e7a2541e6654080fc47d6bf5528.jpg,0,0,0,1,0,0,0,0,0,0,0,0,0,0,0,0,0
-2025-05-10-11-32-45_png.rf.8e8dad7802406191b83f8ba7d957be37.jpg,0,0,0,0,0,0,0,0,0,0,0,0,0,0,0,1,0
-2025-02-23-6-01-16_png.rf.e7039c56860eafa94dcdf54bd6d99650.jpg,0,0,0,0,0,1,0,0,0,0,0,0,0,0,0,0,0
2014-2015-NFHS-Volleyball-Signals-for-Referee-R1-produced-by-ZONI_mp4-0539_jpg.rf.38a882a8ed422d537fbd4e197f368229.jpg,1,0,0,0,0,0,0,0,0,0,0,0,0,0,0,0,0
IMG_7243_mov-0405_jpg.rf.14cb08a41715337382edf449c600c8b0.jpg,0,0,0,0,0,0,0,0,0,0,0,0,1,0,0,0,0
images-1-_jpeg.rf.8fbda17f9343314620dc0bc26f17ab6a.jpg,0,0,0,0,1,0,0,0,0,0,0,0,0,0,0,0,0
IMG_7887_MOV-0000_jpg.rf.5ef434deb4ee0752465de33560f3a89a.jpg,0,0,0,1,0,0,0,0,0,0,0,0,0,0,0,0,0
2014-2015-NFHS-Volleyball-Signals-for-Referee-R1-produced-by-ZONI_mp4-0595_jpg.rf.5341e0ce18a61bb33cd27ff21b976303.jpg,0,0,0,0,0,0,0,0,1,0,0,0,0,0,0,0,0
-2025-03-13-10-58-07_png.rf.3188451e4143976fdde191da2f73bf97.jpg,0,0,0,0,0,0,0,0,0,1,0,0,0,0,0,0,0
2014-2015-NFHS-Volleyball-Signals-for-Referee-R1-produced-by-ZONI_mp4-0391_jpg.rf.21cdce586c4510b2e88d62911d96b41a.jpg,0,0,0,0,0,0,0,0,0,0,0,0,0,0,0,0,1
2014-2015-NFHS-Volleyball-Signals-for-Referee-R1-produced-by-ZONI_mp4-0523_jpg.rf.f6c44e2e18ecac9f1add2aac5fff486c.jpg,0,0,0,0,0,0,0,0,0,0,0,0,0,0,0,0,1
2014-2015-NFHS-Volleyball-Signals-for-Referee-R1-produced-by-ZONI_mp4-0389_jpg.rf.e1f8c3d6658891cfed12650929da3a17.jpg,0,0,0,0,0,0,0,0,0,0,0,0,0,0,0,0,1
game3_2_mp4-0174_jpg.rf.60dc6e0cff2b6c38fbcd5d4a8d9e23fc.jpg,0,0,0,0,0,0,0,0,0,0,0,0,0,0,0,0,1
-2025-03-13-11-22-00_png.rf.1ba57e74c7faac0ea23d88736b955956.jpg,0,0,0,0,0,0,0,0,0,1,0,0,0,0,0,0,0
IMG_7219_mov-0456_jpg.rf.2a113e17452d7d7c932be47a00d0d68f.jpg,0,1,0,0,0,0,0,0,0,0,0,0,0,0,0,0,0
-2025-03-13-10-34-29_png.rf.33a8401e164e0990cc7e9ea596cf8627.jpg,0,0,0,0,0,0,0,0,0,0,0,1,0,0,0,0,0
game3_2_mp4-0700_jpg.rf.91f817048b064a14d870f857980157f2.jpg,0,1,0,0,0,0,0,0,0,0,0,0,0,0,0,0,0
Volleyball-Signals-Training_mp4-0100_jpg.rf.d4e17ce0cbdd397041a10a84b58da0a2.jpg,0,1,0,0,0,0,0,0,0,0,0,0,0,0,0,0,0
-2025-03-13-11-23-18_png.rf.34ca95ca89a2abb832d474085d6b9738.jpg,0,0,0,0,0,0,0,1,0,0,0,0,0,0,0,0,0
Volleyball-Referees-Official-Hand-Signals-_-D2-team-to-serve-_-TPE_mp4-0001_jpg.rf.dd7f817d156c794092ae789287990fa1.jpg,0,0,0,0,0,0,0,0,0,0,0,0,0,0,0,0,1
2014-2015-NFHS-Volleyball-Signals-for-Referee-R1-produced-by-ZONI_mp4-0408_jpg.rf.835319d27845ab2241d9209c359df30f.jpg,0,0,0,0,0,0,0,0,0,0,0,0,0,0,0,0,1
Volleyball-Signals-Training_mp4-0023_jpg.rf.24417c0784aff74dd99bd92b49b20c66.jpg,0,0,0,0,0,1,0,0,0,0,0,0,0,0,0,0,0
2014-2015-NFHS-Volleyball-Signals-for-Referee-R1-produced-by-ZONI_mp4-0371_jpg.rf.4b956fd93e9b1de894955a0432081470.jpg,0,1,0,0,0,0,0,0,0,0,0,0,0,0,0,0,0
2014-2015-NFHS-Volleyball-Signals-for-Referee-R1-produced-by-ZONI_mp4-0373_jpg.rf.b8ca6ceab1e8c7025a7b3f57687eec87.jpg,0,0,0,0,0,0,0,0,0,0,0,0,0,0,0,0,1
-2025-03-13-10-33-57_png.rf.4e208572b13f26ec50e916070bee4392.jpg,0,0,0,0,0,1,0,0,0,0,0,0,0,0,0,0,0
IMG_7242_mov-0379_jpg.rf.763d219779a6eddee191105a4f982bb5.jpg,0,0,0,0,0,0,0,0,0,0,0,0,0,0,0,0,1
-2025-03-13-11-01-48_png.rf.9270d0a38d321736d3a3771870cbc4f6.jpg,0,0,0,0,0,0,0,0,0,0,1,0,0,0,0,0,0
2014-2015-NFHS-Volleyball-Signals-for-Referee-R1-produced-by-ZONI_mp4-0286_jpg.rf.a4653a59d288131e00790b2a2130f1b1.jpg,0,1,0,0,0,0,0,0,0,0,0,0,0,0,0,0,0
2_mp4-0198_jpg.rf.7685947b796d43881a836e5b8956eaa6.jpg,0,0,0,1,0,0,0,0,0,0,0,0,0,0,0,0,0
IMG_8839_mov-0104_jpg.rf.a2fac272aa9d84a9bba4f22a37ca3ce3.jpg,0,0,1,0,0,0,0,0,0,0,0,0,0,0,0,0,0
IMG_7243_mov-0165_jpg.rf.616e7b269d1d9113d84dade858ac2ebc.jpg,0,0,0,0,0,0,0,0,0,0,0,0,0,0,0,0,1
IMG_7888_MOV-0036_jpg.rf.16395310be503906ca1b69e38e629be1.jpg,0,0,0,0,0,0,1,0,0,0,0,0,0,0,0,0,0
Volleyball-Signals-Training_mp4-0044_jpg.rf.6af0ca1f04f182e7eac965c31388baca.jpg,0,0,0,0,0,0,0,0,0,0,0,0,0,0,0,0,1
-2025-03-13-11-08-50_png.rf.0d18132ef2b32145d2dac30697680f8f.jpg,0,0,0,0,0,0,0,0,0,0,0,0,0,1,0,0,0
IMG_7225_mov-0155_jpg.rf.5f16ace5af0ce48ef94af11ab9c9d474.jpg,0,0,0,0,0,0,0,0,0,0,0,0,0,0,0,0,1
-2025-03-13-10-36-14_png.rf.33b2ce05704e2e300783af06af82ef28.jpg,0,0,0,0,0,0,0,0,1,0,0,0,0,0,0,0,0
-2025-02-23-5-55-29_png.rf.ad7c0f7e66c3ea20a76191d2bce7dd65.jpg,0,0,0,0,0,0,0,0,0,0,0,0,0,0,0,0,1
2014-2015-NFHS-Volleyball-Signals-for-Referee-R1-produced-by-ZONI_mp4-0413_jpg.rf.08b61b544bebd4ff2634652240c54c9b.jpg,0,0,0,0,0,0,0,0,0,0,0,0,0,0,0,0,1
2014-2015-NFHS-Volleyball-Signals-for-Referee-R1-produced-by-ZONI_mp4-0362_jpg.rf.7b3f930c97b6cdd0a2e21e2301809ff5.jpg,0,0,0,0,0,0,0,0,0,0,0,0,0,0,0,0,1
2014-2015-NFHS-Volleyball-Signals-for-Referee-R1-produced-by-ZONI_mp4-0112_jpg.rf.484f3acc0255c6a142f75c63ed81887a.jpg,0,0,0,0,0,0,0,0,0,0,0,0,0,0,0,0,1
2014-2015-NFHS-Volleyball-Signals-for-Referee-R1-produced-by-ZONI_mp4-0178_jpg.rf.c9bd8cbead35fb634c2d69beb0687f7b.jpg,0,1,0,0,0,0,0,0,0,0,0,0,0,0,0,0,0
videoplayback_mp4-0195_jpg.rf.f661f19ee6074de19818bfd38c324298.jpg,0,0,0,0,0,1,0,0,0,0,0,0,0,0,0,0,0
2014-2015-NFHS-Volleyball-Signals-for-Referee-R1-produced-by-ZONI_mp4-0300_jpg.rf.adda524de9e7d1c23ae0417b6affa860.jpg,0,1,0,0,0,0,0,0,0,0,0,0,0,0,0,0,0
IMG_8795_mov-0192_jpg.rf.ac079b80be4eca5af8e44407d96c6b28.jpg,0,0,1,0,0,0,0,0,0,0,0,0,0,0,0,0,0
IMG_8795_mov-0545_jpg.rf.1cef9a663e7c7e674026258fa949ba69.jpg,0,1,0,0,0,0,0,0,0,0,0,0,0,0,0,0,0
-2025-03-13-11-06-10_png.rf.e18a29d9875b633620f856a0d4df4d3e.jpg,0,0,0,0,0,0,0,0,0,1,0,0,0,0,0,0,0
-2025-03-13-11-38-51_png.rf.ef64c09bb3773221a847262872feaaa9.jpg,0,0,0,0,0,0,0,0,0,0,1,0,0,0,0,0,0
2014-2015-NFHS-Volleyball-Signals-for-Referee-R1-produced-by-ZONI_mp4-0215_jpg.rf.13b194b4284f7cf327895f81f22a491a.jpg,0,0,0,0,0,0,0,0,0,0,0,0,0,0,0,0,1
IMG_8808_mov-0044_jpg.rf.0727597ef4081d4272184b61843e05c8.jpg,0,0,0,0,0,0,0,0,0,0,0,0,1,0,0,0,0
Volleyball-Signals-Training_mp4-0018_jpg.rf.ff980740991124956210a4ad7e0f67bf.jpg,0,0,0,0,0,0,0,0,0,0,0,0,0,0,0,0,1
videoplayback_mp4-0151_jpg.rf.649eb1b83230c29c02d63b7713912907.jpg,0,0,0,0,0,0,1,0,0,0,0,0,0,0,0,0,0
-2025-03-13-10-31-18_png.rf.d107b375a6dd773ba10f7ad1cce2ea3f.jpg,0,0,0,0,0,0,0,0,0,0,0,1,0,0,0,0,0
IMG_7238_mov-0281_jpg.rf.7ccd14cd75798dba06c986bf5239ae3f.jpg,0,0,0,0,0,0,0,0,0,1,0,0,0,0,0,0,0
Volleyball-Signals-Training_mp4-0012_jpg.rf.5a98b6308a9c03aedc991e803be513e1.jpg,0,0,0,0,0,0,0,0,0,0,0,0,0,0,0,0,1
IMG_8795_mov-0388_jpg.rf.e55870cda38397978c2f7e45b6b2c14c.jpg,0,0,1,0,0,0,0,0,0,0,0,0,0,0,0,0,0
game3_2_mp4-0186_jpg.rf.ceabe5540f20b3bc2b2a62634f212b58.jpg,0,0,0,0,0,0,0,0,0,0,0,0,0,0,0,0,1
-2025-03-13-10-56-44_png.rf.e4f1f1d756c9477e5f2e5776f5a995c7.jpg,0,0,0,0,0,0,0,0,1,0,0,0,0,0,0,0,0
-2025-03-13-10-39-36_png.rf.84cc5aca09a849efc2c04609998e65de.jpg,0,0,0,0,0,0,0,0,0,0,0,1,0,0,0,0,0
videoplayback_mp4-0143_jpg.rf.821031ed7d9577a803ee5ed3f84fbc0f.jpg,0,0,0,0,0,0,1,0,0,0,0,0,0,0,0,0,0
IMG_7887_MOV-0006_jpg.rf.88fdee7e531f657d9b18f7e16bd34835.jpg,0,0,0,0,0,1,0,0,0,0,0,0,0,0,0,0,0
videoplayback_mp4-0101_jpg.rf.50f58b1c081d62687a59565a73347dc6.jpg,0,0,0,0,0,0,0,0,0,0,0,0,1,0,0,0,0
IMG_7242_mov-0416_jpg.rf.a8a4f785e89006054b97783474df560b.jpg,0,0,0,0,0,0,0,0,0,0,0,0,1,0,0,0,0
Volleyball-Referees-Official-Hand-Signals-_-D15-ball-out-_-TPE_mp4-0007_jpg.rf.96d684ecad77f681f81b357cdf748725.jpg,0,0,1,0,0,0,0,0,0,0,0,0,0,0,0,0,0
-2025-03-13-10-24-37_png.rf.6eb8fbbfe50795dff6e27b3c4f401184.jpg,0,0,0,0,0,0,0,0,0,0,1,0,0,0,0,0,0
IMG_7225_mov-0226_jpg.rf.2a2cd8080a83880d8f42525f3b0f61d9.jpg,1,0,0,0,0,0,0,0,0,0,0,0,0,0,0,0,0
-2025-03-13-11-33-08_png.rf.baa13608c022e6a02ca47c55f183e719.jpg,0,0,0,0,0,0,0,0,0,0,0,1,0,0,0,0,0
-2025-02-26-11-42-54_png.rf.48659acb3da511c41417aa25c59a1aa8.jpg,0,0,0,0,0,0,0,0,0,0,0,0,0,1,0,0,0
videoplayback_mp4-0210_jpg.rf.7ab2cec43b7ade4c7487f84325da9d29.jpg,0,0,0,1,0,0,0,0,0,0,0,0,0,0,0,0,0
IMG_8839_mov-0301_jpg.rf.586b2f62f0ca22eaacdcecead5c13f9e.jpg,0,0,0,0,0,0,0,0,0,0,0,0,0,0,1,0,0
game3_2_mp4-0004_jpg.rf.c40a3f8efd9d724f1788d83a0ec2dfab.jpg,0,1,0,0,0,0,0,0,0,0,0,0,0,0,0,0,0
-2025-03-13-11-24-34_png.rf.bdf2524292e77f6514f0d164c1e323b6.jpg,0,0,0,1,0,0,0,0,0,0,0,0,0,0,0,0,0
-2025-03-13-10-34-35_png.rf.fe38dcfdde1e8e981a6df85fbdf91077.jpg,0,0,0,0,0,0,0,0,0,0,0,1,0,0,0,0,0
2014-2015-NFHS-Volleyball-Signals-for-Referee-R1-produced-by-ZONI_mp4-0519_jpg.rf.f1deabac9df600510edd46da69129294.jpg,0,0,0,0,0,0,0,0,0,0,0,0,0,0,0,0,1
2014-2015-NFHS-Volleyball-Signals-for-Referee-R1-produced-by-ZONI_mp4-0543_jpg.rf.0d4bfc50c3bca2e85959b8f47a65917f.jpg,0,0,0,0,0,0,0,0,0,0,0,0,0,0,0,0,1
2014-2015-NFHS-Volleyball-Signals-for-Referee-R1-produced-by-ZONI_mp4-0183_jpg.rf.2536af355b9750a4661ec185c465d87a.jpg,0,0,0,0,0,0,0,0,0,0,0,0,0,0,0,0,1
IMG_7219_mov-0112_jpg.rf.506e4ed81d76ef6010d42012eb5b7386.jpg,0,0,0,0,0,0,0,0,0,0,0,0,0,0,0,0,1
Volleyball-Signals-Training_mp4-0050_jpg.rf.196b68fbc2c295a9e9d3dea669d01e2d.jpg,0,0,0,0,0,0,0,0,0,0,0,0,0,0,0,0,1
videoplayback_mp4-0070_jpg.rf.011897dd88b624c722e1fb6befd92e69.jpg,0,0,0,0,0,0,0,0,0,0,0,0,0,0,0,0,1
IMG_7242_mov-0221_jpg.rf.ba2fc94c219d7336f0fd4838573e4a0c.jpg,0,0,0,0,0,0,0,0,0,0,0,0,1,0,0,0,0
IMG_7238_mov-0229_jpg.rf.427a60858e2167eb64fb7b51437180e3.jpg,0,0,0,0,0,0,0,0,0,0,0,0,1,0,0,0,0
-2025-03-13-10-02-17_png.rf.3410aa070a101608cec129d023646bcb.jpg,0,0,0,0,0,0,0,0,0,0,1,0,0,0,0,0,0
-2025-03-13-10-51-06_png.rf.6913e968f3021e5f25002152c218109c.jpg,0,0,0,0,0,0,0,0,0,1,0,0,0,0,0,0,0
-2025-03-13-10-51-01_png.rf.59bfc4ed28fc91eea348e00021e75e33.jpg,0,0,0,0,0,0,0,0,0,1,0,0,0,0,0,0,0
IMG_7885_MOV-0001_jpg.rf.3e7f590d59e8300dac3b4103fbf0b166.jpg,0,0,0,0,0,0,1,0,0,0,0,0,0,0,0,0,0
-2025-03-13-11-37-38_png.rf.dfbd70eb896d19ef96ae1389ec8c3349.jpg,0,0,0,0,0,1,0,0,0,0,0,0,0,0,0,0,0
IMG_8808_mov-0071_jpg.rf.68966d99a147df3ab148e89ff73805f5.jpg,0,0,1,0,0,0,0,0,0,0,0,0,0,0,0,0,0
2014-2015-NFHS-Volleyball-Signals-for-Referee-R1-produced-by-ZONI_mp4-0920_jpg.rf.56f598850888ef08d296154d5c738ff3.jpg,0,0,0,0,0,0,0,1,0,0,0,0,0,0,0,0,0
game3_2_mp4-0716_jpg.rf.3b80e2b91f16f27cc077127e222111ca.jpg,0,0,0,0,0,0,0,0,0,0,0,0,0,0,0,0,1
game3_2_mp4-0446_jpg.rf.35d3dff7b311b29815dd4aea639ec43b.jpg,1,0,0,0,0,0,0,0,0,0,0,0,0,0,0,0,0
-2025-03-13-9-56-30_png.rf.53dfec00770ac53eb7fda631dda9fb1f.jpg,0,0,0,0,0,0,0,0,1,0,0,0,0,0,0,0,0
-2025-03-13-11-08-43_png.rf.8d10b2e3065354018394aab10fe96991.jpg,0,0,0,0,0,0,0,0,0,0,0,0,0,1,0,0,0
game3_2_mp4-0139_jpg.rf.d7e2fc0ca78b14589b9fe6f2ea8fee0b.jpg,1,0,0,0,0,0,0,0,0,0,0,0,0,0,0,0,0
-2025-03-13-11-32-44_png.rf.614c52ce88a9e341d1c66e64b9f23926.jpg,0,0,0,0,0,0,0,0,0,0,0,0,0,1,0,0,0
-2025-05-10-11-30-49_png.rf.bd7024d9fef61b7e2424e8ed18d44b81.jpg,0,0,0,0,0,0,0,0,0,0,0,0,0,0,0,1,0
Volleyball-Signals-Training_mp4-0095_jpg.rf.ed669a659093822af4e1da301be975c7.jpg,1,0,0,0,0,0,0,0,0,0,0,0,0,0,0,0,0
IMG_7238_mov-0092_jpg.rf.7b2f4cc38510d1df09f90e0c8893151b.jpg,0,0,0,0,0,0,0,0,0,0,0,0,0,0,1,0,0
-2025-02-26-11-50-34_png.rf.d8309a036edfea8746685a9ee5c1dfc4.jpg,0,0,0,0,0,0,0,0,0,1,0,0,0,0,0,0,0
Volleyball-Signals-Training_mp4-0047_jpg.rf.258379bece209f8961cd36fcd9b6c0bd.jpg,0,0,0,0,0,0,0,0,0,0,0,0,0,0,0,0,1
-2025-03-13-11-22-52_png.rf.7533bdd9b149ff6e4f926f770ec8ae53.jpg,0,0,0,0,0,0,0,0,1,0,0,0,0,0,0,0,0
game3_2_mp4-0160_jpg.rf.bf5155965a82b82fd5a26ac93319c1c5.jpg,1,0,0,0,0,0,0,0,0,0,0,0,0,0,0,0,0
Volleyball-Signals-Training_mp4-0066_jpg.rf.29902d7a231ec69a457d66d881865e98.jpg,0,0,0,0,0,0,0,0,0,0,0,1,0,0,0,0,0
IMG_8808_mov-0129_jpg.rf.3ade8c8a28206c13fad0bce66422e240.jpg,0,0,0,0,0,0,0,0,0,0,0,0,0,0,1,0,0
-2025-03-13-9-59-10_png.rf.826a2811560b97e03506f859739a4c03.jpg,0,0,0,0,0,0,0,0,0,1,0,0,0,0,0,0,0
-2025-03-13-11-03-34_png.rf.877cf950b3aa09472f413ba2f95344f8.jpg,0,0,0,0,0,1,0,0,0,0,0,0,0,0,0,0,0
Volleyball-Referees-Official-Hand-Signals-_-D15-ball-out-_-TPE_mp4-0000_jpg.rf.7cf7b4ec5b0157211b17ae395e84d975.jpg,0,0,0,0,0,0,0,0,0,0,0,0,0,0,0,0,1
IMG_7219_mov-0151_jpg.rf.69accd5ac9c2fff18ad1bdbbccdaedce.jpg,1,0,0,0,0,0,0,0,0,0,0,0,0,0,0,0,0
IMG_7243_mov-0115_jpg.rf.63e7eae0fd31ef776c2e8a4f63a17311.jpg,0,0,0,0,0,0,0,0,0,0,0,1,0,0,0,0,0
2014-2015-NFHS-Volleyball-Signals-for-Referee-R1-produced-by-ZONI_mp4-0056_jpg.rf.e84b3ba543438c5732c3ac1699f6a12e.jpg,0,0,0,0,0,0,0,0,0,0,0,0,0,0,0,0,1
-2025-03-13-10-35-05_png.rf.d3c96c757b3f48df1fb348170c14b552.jpg,0,0,0,0,0,0,0,0,0,0,1,0,0,0,0,0,0
-2025-03-13-11-21-12_png.rf.5716c52852ada7d82c7d2cf8097247ee.jpg,0,0,0,0,0,0,0,0,0,0,0,1,0,0,0,0,0
Volleyball-Signals-Training_mp4-0036_jpg.rf.bb720c46cfb952d07a77f255990fa586.jpg,0,0,0,0,0,0,1,0,0,0,0,0,0,0,0,0,0
-2025-05-11-6-06-45_png.rf.7426d38afb76422940ebdd356a836b53.jpg,0,0,0,0,0,0,0,0,0,0,0,0,0,0,0,1,0
2014-2015-NFHS-Volleyball-Signals-for-Referee-R1-produced-by-ZONI_mp4-0448_jpg.rf.95d1c7ea83c8273aa74015173b0f972e.jpg,0,0,0,0,0,0,0,0,0,0,0,0,0,0,0,0,1
2014-2015-NFHS-Volleyball-Signals-for-Referee-R1-produced-by-ZONI_mp4-0041_jpg.rf.d8b46df543b457233a640789cd9d2c57.jpg,0,0,0,0,0,0,0,0,0,0,0,0,0,0,0,0,1
videoplayback_mp4-0214_jpg.rf.4da49d186f6c6447178e482470e0398a.jpg,0,0,0,1,0,0,0,0,0,0,0,0,0,0,0,0,0
-2025-03-13-10-33-03_png.rf.40829285289c1356a800861d565c3ae4.jpg,0,0,0,0,1,0,0,0,0,0,0,0,0,0,0,0,0
2014-2015-NFHS-Volleyball-Signals-for-Referee-R1-produced-by-ZONI_mp4-0358_jpg.rf.a6e6e9b45d93f2623e8e90b37186b4b2.jpg,0,0,0,0,0,0,0,0,0,0,0,0,0,0,0,0,1
-2025-05-11-6-06-55_png.rf.2d78e22f76613d7dc9551afe8bb615fe.jpg,0,0,0,0,0,0,0,0,0,0,0,0,0,0,0,1,0
2014-2015-NFHS-Volleyball-Signals-for-Referee-R1-produced-by-ZONI_mp4-0075_jpg.rf.4656bae2c8c61d3b454247ede1470c5d.jpg,0,0,0,0,0,0,0,0,0,0,0,0,0,0,0,0,1
Volleyball-Signals-Training_mp4-0028_jpg.rf.4917ff1440c8d1141e9fb06c78fa0cc0.jpg,0,0,0,0,0,1,0,0,0,0,0,0,0,0,0,0,0
IMG_7225_mov-0206_jpg.rf.7c03fc8ad71ec352dfdba007a47c367a.jpg,0,0,0,0,0,0,0,0,0,0,0,0,0,0,1,0,0
IMG_7219_mov-0038_jpg.rf.ce587690ac0e3b8475eb87948bf8a932.jpg,1,0,0,0,0,0,0,0,0,0,0,0,0,0,0,0,0
IMG_7883_MOV-0003_jpg.rf.ebea74682c17f52406e546717087e2ce.jpg,0,0,0,0,0,1,0,0,0,0,0,0,0,0,0,0,0
-2025-03-13-11-38-04_png.rf.18540edbd5d852afa0b1f891f807bd44.jpg,0,0,0,0,0,0,1,0,0,0,0,0,0,0,0,0,0
IMG_8795_mov-0057_jpg.rf.aac0b1aa886cbbbe16a1fe64b88753dd.jpg,0,0,0,0,0,0,0,0,0,0,0,0,0,0,0,0,1
-2025-03-13-10-01-45_png.rf.52edc44eb6dca5762770a735a2782490.jpg,0,0,0,0,0,0,1,0,0,0,0,0,0,0,0,0,0
-2025-02-26-12-07-57_png.rf.6dc0370fb67c9fc8db787d4aab652cf5.jpg,0,0,0,0,0,0,0,0,0,1,0,0,0,0,0,0,0
-2025-02-26-11-41-43_png.rf.9bcec48d26d4333970678c6e8056c95c.jpg,0,0,0,0,0,0,0,0,1,0,0,0,0,0,0,0,0
-2025-05-10-11-24-23_png.rf.2fc08033806d136f33403b350acc17d7.jpg,0,0,0,0,0,0,0,0,0,0,0,0,0,0,0,1,0
-2025-03-13-10-55-58_png.rf.81fcf74b0f178ca3d3e2f3aa1f121526.jpg,0,0,0,0,0,0,0,0,0,1,0,0,0,0,0,0,0
2_mp4-0188_jpg.rf.99770d82c6ac2a23feb706c1ef9402c6.jpg,0,0,1,0,0,0,0,0,0,0,0,0,0,0,0,0,0
Volleyball-Signals-Training_mp4-0063_jpg.rf.abc25653a399efdd7f2a0be31f29efba.jpg,0,0,0,0,0,0,0,0,0,0,0,0,0,0,0,0,1
-2025-03-13-10-24-31_png.rf.619371ab855a85d177d4fb55c6b618fa.jpg,0,0,0,0,0,0,0,0,0,0,1,0,0,0,0,0,0
-2025-02-26-11-49-02_png.rf.7c43c43fe3d2fb082d4f49640db5044d.jpg,0,0,0,0,0,0,0,0,1,0,0,0,0,0,0,0,0
IMG_7242_mov-0236_jpg.rf.966fab080c7298b176e0c876702cb11e.jpg,0,0,0,0,0,0,0,0,0,0,0,0,0,0,1,0,0
-2025-05-10-11-09-07_png.rf.6badcf99bd672a1a04bf8936eaf9fe65.jpg,0,0,0,0,0,0,0,0,0,0,0,0,0,0,0,1,0
-2025-05-11-5-42-18_png.rf.319aeda981d5acb0e6ef30929c6588b8.jpg,0,0,0,0,0,0,0,0,0,0,0,0,0,0,0,1,0
IMG_7219_mov-0113_jpg.rf.c09e6eb3e28d85bbea32b18c8d15e843.jpg,0,0,0,0,0,0,0,0,0,0,0,0,0,0,0,0,1
-2025-02-23-5-59-20_png.rf.dc6ad18317e9ab0277d5430633d1011f.jpg,0,0,0,0,0,0,1,0,0,0,0,0,0,0,0,0,0
videoplayback_mp4-0196_jpg.rf.48b3cdddc2313a88bd1748bc938b5007.jpg,0,0,0,0,0,1,0,0,0,0,0,0,0,0,0,0,0
-2025-03-13-10-24-56_png.rf.cb020f51b7d7d09cee8e39310d9bc03c.jpg,0,0,0,0,0,0,0,0,0,0,0,1,0,0,0,0,0
Volleyball-Signals-Training_mp4-0027_jpg.rf.5f70c7bc05288b3d9ecab51ab163a54a.jpg,0,0,0,0,0,0,0,0,0,0,0,0,0,0,0,0,1
2014-2015-NFHS-Volleyball-Signals-for-Referee-R1-produced-by-ZONI_mp4-0466_jpg.rf.949b52ee5b5fbb2e642a0d81cd86e1f4.jpg,0,0,0,0,0,0,0,0,0,0,0,0,0,0,0,0,1
-2025-03-13-11-38-59_png.rf.a8b2beb9e64153bd8ee5d6dd0c381fd5.jpg,0,0,0,0,0,0,0,0,0,0,0,0,0,1,0,0,0
-2025-02-23-5-55-43_png.rf.be51fa6d1c746ab1370d8100732bd19b.jpg,0,0,0,0,0,0,0,0,0,0,0,0,0,0,0,0,1
-2025-03-13-11-33-20_png.rf.9c15de53f57047c0a2fe74500820c0ba.jpg,0,0,0,0,0,1,0,0,0,0,0,0,0,0,0,0,0
IMG_7888_MOV-0029_jpg.rf.0f7dddcf7669c84310bdf174ee649d9c.jpg,0,0,0,0,0,0,0,0,0,0,0,0,0,0,0,0,1
-2025-03-13-10-53-30_png.rf.2240c08025ccb3391ddc8330799012e6.jpg,0,0,0,0,0,0,0,0,0,0,0,0,0,1,0,0,0
-2025-03-13-10-35-56_png.rf.06d8013248f2d5c4743091ef62cc6cea.jpg,0,0,0,1,0,0,0,0,0,0,0,0,0,0,0,0,0
Volleyball-Signals-Training_mp4-0011_jpg.rf.c07bf2df7e8e475f484639f0c3eec339.jpg,0,0,0,0,0,0,0,0,0,0,0,0,0,0,0,0,1
-2025-03-13-11-01-43_png.rf.17ffacb2bf8e602a10da18583229681f.jpg,0,0,0,0,0,0,0,0,0,0,1,0,0,0,0,0,0
IMG_8808_mov-0081_jpg.rf.e1c3160b594d36d7e666bfaf3496b7c5.jpg,0,0,0,0,0,0,0,0,0,0,0,0,1,0,0,0,0
2014-2015-NFHS-Volleyball-Signals-for-Referee-R1-produced-by-ZONI_mp4-0571_jpg.rf.0888fed5c30bff0829c32f6547e458ea.jpg,0,0,0,0,0,0,0,0,0,0,0,0,0,0,0,0,1
IMG_7225_mov-0129_jpg.rf.59118c30ca6f261e4d3bcead6bbd99a5.jpg,1,0,0,0,0,0,0,0,0,0,0,0,0,0,0,0,0
2_mp4-0169_jpg.rf.ca4369d96d90ba2c4705fa84d5891bc0.jpg,0,0,0,0,0,0,0,1,0,0,0,0,0,0,0,0,0
IMG_7888_MOV-0011_jpg.rf.665639a8b0c862b18dcf2f0f39051593.jpg,0,0,0,0,0,0,0,1,0,0,0,0,0,0,0,0,0
IMG_7882_MOV-0009_jpg.rf.b144248af0c4998734fb0e6d64c5de92.jpg,0,0,0,0,0,0,0,0,0,0,0,0,0,0,1,0,0
-2025-03-13-11-39-43_png.rf.218cd817a85def388efb69a80a3c7f74.jpg,0,0,0,0,0,0,0,0,1,0,0,0,0,0,0,0,0
2014-2015-NFHS-Volleyball-Signals-for-Referee-R1-produced-by-ZONI_mp4-0368_jpg.rf.9dc6c7bde0d6091bc47b579d266462d1.jpg,0,0,0,0,0,0,0,0,0,0,0,0,0,0,0,0,1
Volleyball-Signals-Training_mp4-0062_jpg.rf.4432a3502521840bee552ab001d71f9e.jpg,0,0,0,0,0,0,0,0,0,0,0,1,0,0,0,0,0
2014-2015-NFHS-Volleyball-Signals-for-Referee-R1-produced-by-ZONI_mp4-0035_jpg.rf.22b21d20d2b9eefa7addaf5ec0135f50.jpg,0,0,0,0,0,0,0,0,0,0,0,0,0,0,0,0,1
IMG_8795_mov-0532_jpg.rf.9d18eceaf40a138598cd26ac9a588007.jpg,0,0,0,0,0,0,0,0,0,0,0,0,1,0,0,0,0
2014-2015-NFHS-Volleyball-Signals-for-Referee-R1-produced-by-ZONI_mp4-0387_jpg.rf.bed3d11d8e78bda83cd0ab642d89756a.jpg,1,0,0,0,0,0,0,0,0,0,0,0,0,0,0,0,0
-2025-03-13-10-54-24_png.rf.001c4d7e515bc48854038ac48a56610d.jpg,0,0,0,0,0,0,0,0,1,0,0,0,0,0,0,0,0
IMG_6790_JPG.rf.784ed34887ac87e8476048892d2672ff.jpg,0,0,1,0,0,0,0,0,0,0,0,0,0,0,0,0,0
IMG_6791_JPG.rf.87d2ce2a134d03fc0b8348d87d78ee0f.jpg,0,0,1,0,0,0,0,0,0,0,0,0,0,0,0,0,0
IMG_7219_mov-0288_jpg.rf.a594853c2053a3cac4c20b4d3398097d.jpg,0,0,0,0,0,0,0,0,0,0,0,0,1,0,0,0,0
IMG_7243_mov-0322_jpg.rf.e8c1f36dfdfdaccde16bdde2f6d29148.jpg,0,0,0,0,0,0,0,0,0,0,0,0,1,0,0,0,0
IMG_6793_JPG.rf.4438862673e6af770422c261148bf191.jpg,0,0,1,0,0,0,0,0,0,0,0,0,0,0,0,0,0
IMG_7888_MOV-0041_jpg.rf.b27a16d535657c50a72153cd59785708.jpg,0,0,0,0,0,0,1,0,0,0,0,0,0,0,0,0,0
IMG_7243_mov-0176_jpg.rf.91e4f6249f781036fb9e254c6a595d84.jpg,0,0,0,0,0,0,0,0,0,0,0,0,1,0,0,0,0
game3_2_mp4-0020_jpg.rf.183724e8aad393e8365c959f9fdeeceb.jpg,0,0,0,0,0,0,0,0,0,0,0,0,0,0,0,0,1
-2025-02-26-12-08-20_png.rf.ed19d65123224e8f3b845565d16c6d6d.jpg,0,0,0,0,1,0,0,0,0,0,0,0,0,0,0,0,0
IMG_7225_mov-0058_jpg.rf.8b8bd1fc16f63ba3f6a16328140d4fd3.jpg,0,0,0,0,0,0,0,0,0,0,0,0,0,0,1,0,0
-2025-02-26-11-47-36_png.rf.6a97880e4230661c9db5fc61c704e8a4.jpg,0,0,0,0,0,0,0,0,0,0,0,0,0,0,0,0,1
IMG_7884_MOV-0008_jpg.rf.64e491e031868dfccc56dc1c7c8ec0c1.jpg,0,0,0,0,0,0,0,0,0,0,1,0,0,0,0,0,0
IMG_7225_mov-0307_jpg.rf.be7b241db68bff34b77fd1f9f7d7114b.jpg,0,0,0,0,0,0,0,0,0,0,0,0,1,0,0,0,0
IMG_7243_mov-0057_jpg.rf.4af6016fc64ef3bd3004f2a3b6e962bd.jpg,0,0,0,0,0,0,0,0,0,0,0,0,1,0,0,0,0
game3_2_mp4-0427_jpg.rf.9f1aa83967b00b48f46fcfc2afbbf9ce.jpg,0,0,0,0,0,0,0,0,0,0,0,0,0,0,0,0,1
-2025-05-10-11-35-01_png.rf.500409e61c3810fc9df06aed1c539234.jpg,0,0,0,0,0,0,0,0,0,0,0,0,0,0,0,1,0
IMG_7883_MOV-0012_jpg.rf.89a5d8d3e93cd087f954f838edbb0cf5.jpg,0,0,0,0,0,0,0,0,0,1,0,0,0,0,0,0,0
videoplayback_mp4-0163_jpg.rf.ea9b3b449839df8bd6adb119f0c81caf.jpg,0,0,0,0,0,0,0,0,0,0,0,0,0,1,0,0,0
Volleyball-Signals-Training_mp4-0083_jpg.rf.eeace29c5e3942998eac7f1bd4c4b5ef.jpg,0,0,1,0,0,0,0,0,0,0,0,0,0,0,0,0,0
-2025-02-23-5-54-22_png.rf.4d57f554a9bed17fed82b2d42c27ea70.jpg,0,0,0,0,0,0,0,0,0,0,0,1,0,0,0,0,0
videoplayback_mp4-0169_jpg.rf.e3510f40ab7e6f1e4985ebc5a6681612.jpg,0,0,0,0,0,0,0,0,0,0,0,0,0,0,1,0,0
IMG_8795_mov-0137_jpg.rf.23c02ca490ccf76a7b6e1e892d26970c.jpg,0,0,0,0,0,0,0,0,0,0,0,0,0,0,1,0,0
2_mp4-0218_jpg.rf.98be410f45d045c6177666bbe309d2cf.jpg,0,0,0,0,0,0,0,0,0,0,1,0,0,0,0,0,0
Volleyball-Signals-Training_mp4-0049_jpg.rf.790d207fff90017a58c108b38114c885.jpg,0,0,0,0,0,0,0,0,0,0,0,0,0,0,0,0,1
-2025-02-26-11-48-09_png.rf.01298c2b8c9226f1a6cc3351c9788aa9.jpg,0,0,0,0,0,0,0,0,0,0,1,0,0,0,0,0,0
-2025-03-13-9-51-44_png.rf.98c302d79a8d6568905a15dff5c69050.jpg,0,0,0,0,0,0,0,0,0,1,0,0,0,0,0,0,0
IMG_8839_mov-0285_jpg.rf.5cf27cbca519eb07e9dccccbb8e2a2f8.jpg,0,1,0,0,0,0,0,0,0,0,0,0,0,0,0,0,0
-2025-03-13-11-06-13_png.rf.c16bdc8ae0c7296b90422b1f6a32e4eb.jpg,0,0,0,0,0,0,0,0,0,1,0,0,0,0,0,0,0
-2025-03-13-10-56-48_png.rf.828653086a72c9448737e77a1c3be852.jpg,0,0,0,0,0,0,0,0,1,0,0,0,0,0,0,0,0
2014-2015-NFHS-Volleyball-Signals-for-Referee-R1-produced-by-ZONI_mp4-0542_jpg.rf.3797ca767f7655a7c557591608d5d12f.jpg,0,0,0,0,0,0,0,0,0,0,0,0,0,0,0,0,1
IMG_6792_JPG.rf.864a0206d87d623777b67fbcf4070aba.jpg,0,0,1,0,0,0,0,0,0,0,0,0,0,0,0,0,0
game3_2_mp4-0143_jpg.rf.8316b0b8cd3d189ef59d63b9118abd22.jpg,0,0,0,0,0,0,0,0,0,0,0,0,1,0,0,0,0
IMG_8838_mov-0074_jpg.rf.a71c948e21b7b94ed43e82d264df8a1d.jpg,1,0,0,0,0,0,0,0,0,0,0,0,0,0,0,0,0
-2025-02-23-5-46-46_png.rf.e7106e23c3735685beea6d530b524b08.jpg,0,0,0,0,0,0,0,0,0,1,0,0,0,0,0,0,0